-- Auto-generated from thailand_car_models_full_v7.json (395 rows)
-- Matches car_models_schema.sql (brands / models / model_generations)
begin;

-- ============================================================
-- เตรียมฐานข้อมูลก่อน seed ชุดใหม่ (v7) — ปรับให้เข้ากับข้อมูลปัจจุบัน
-- 1) ให้แน่ใจว่า parts มีคอลัมน์ generation_id / car_year_display แล้ว
--    (เผื่อไฟล์ car_models_schema.sql รอบก่อนรันไม่ครบ หรือรันคนละลำดับ)
alter table parts add column if not exists generation_id bigint references model_generations(generation_id);
alter table parts add column if not exists car_year_display text;

-- 2) ตัดการอ้างอิง generation เดิมออกจาก parts ก่อน (กัน FK พังและกันข้อมูล
--    อะไหล่จริงใน parts จะไม่หายไปไหน แค่ช่อง generation_id จะว่างชั่วคราว
--    (car_year_display ที่เป็น text ที่เคย prefill ไว้ยังอยู่ตามเดิม ไม่ถูกลบ)
update parts set generation_id = null;

-- 3) ลบข้อมูล master data ชุดเก่า (migration รอบแรกจาก carModels.json)
delete from model_generations;
delete from models;
delete from brands;

-- 4) รีเซ็ต identity ให้เริ่มนับ 1 ใหม่ ให้ตรงกับ id ที่ไฟล์ v7 ระบุไว้เป๊ะ
alter table brands alter column brand_id restart with 1;
alter table models alter column model_id restart with 1;
alter table model_generations alter column generation_id restart with 1;


insert into brands (brand_id, brand_name) overriding system value values (1, 'Audi');
insert into brands (brand_id, brand_name) overriding system value values (2, 'BMW');
insert into brands (brand_id, brand_name) overriding system value values (3, 'BYD');
insert into brands (brand_id, brand_name) overriding system value values (4, 'Chevrolet');
insert into brands (brand_id, brand_name) overriding system value values (5, 'Daihatsu');
insert into brands (brand_id, brand_name) overriding system value values (6, 'Deepal (ในเครือ Changan)');
insert into brands (brand_id, brand_name) overriding system value values (7, 'Ford');
insert into brands (brand_id, brand_name) overriding system value values (8, 'GAC Aion');
insert into brands (brand_id, brand_name) overriding system value values (9, 'Haval');
insert into brands (brand_id, brand_name) overriding system value values (10, 'Honda');
insert into brands (brand_id, brand_name) overriding system value values (11, 'Hyundai');
insert into brands (brand_id, brand_name) overriding system value values (12, 'IM (ในเครือ SAIC)');
insert into brands (brand_id, brand_name) overriding system value values (13, 'Isuzu');
insert into brands (brand_id, brand_name) overriding system value values (14, 'Jaecoo (ในเครือ Chery)');
insert into brands (brand_id, brand_name) overriding system value values (15, 'Jeep');
insert into brands (brand_id, brand_name) overriding system value values (16, 'Kia');
insert into brands (brand_id, brand_name) overriding system value values (17, 'Land Rover');
insert into brands (brand_id, brand_name) overriding system value values (18, 'Lexus');
insert into brands (brand_id, brand_name) overriding system value values (19, 'MG');
insert into brands (brand_id, brand_name) overriding system value values (20, 'MINI');
insert into brands (brand_id, brand_name) overriding system value values (21, 'Mazda');
insert into brands (brand_id, brand_name) overriding system value values (22, 'Mercedes-Benz');
insert into brands (brand_id, brand_name) overriding system value values (23, 'Mitsubishi');
insert into brands (brand_id, brand_name) overriding system value values (24, 'Neta (Hozon)');
insert into brands (brand_id, brand_name) overriding system value values (25, 'Nissan');
insert into brands (brand_id, brand_name) overriding system value values (26, 'ORA');
insert into brands (brand_id, brand_name) overriding system value values (27, 'Omoda (ในเครือ Chery)');
insert into brands (brand_id, brand_name) overriding system value values (28, 'Peugeot');
insert into brands (brand_id, brand_name) overriding system value values (29, 'Porsche');
insert into brands (brand_id, brand_name) overriding system value values (30, 'Proton');
insert into brands (brand_id, brand_name) overriding system value values (31, 'SsangYong');
insert into brands (brand_id, brand_name) overriding system value values (32, 'Subaru');
insert into brands (brand_id, brand_name) overriding system value values (33, 'Suzuki');
insert into brands (brand_id, brand_name) overriding system value values (34, 'Tank');
insert into brands (brand_id, brand_name) overriding system value values (35, 'Tata');
insert into brands (brand_id, brand_name) overriding system value values (36, 'Thai Rung');
insert into brands (brand_id, brand_name) overriding system value values (37, 'Toyota');
insert into brands (brand_id, brand_name) overriding system value values (38, 'Volkswagen');
insert into brands (brand_id, brand_name) overriding system value values (39, 'Volvo');
insert into brands (brand_id, brand_name) overriding system value values (40, 'XPeng');

insert into models (model_id, brand_id, model_name) overriding system value values (1, 1, 'A3');
insert into models (model_id, brand_id, model_name) overriding system value values (2, 1, 'A4');
insert into models (model_id, brand_id, model_name) overriding system value values (3, 1, 'A6');
insert into models (model_id, brand_id, model_name) overriding system value values (4, 1, 'Q3');
insert into models (model_id, brand_id, model_name) overriding system value values (5, 1, 'Q5');
insert into models (model_id, brand_id, model_name) overriding system value values (6, 1, 'Q7');
insert into models (model_id, brand_id, model_name) overriding system value values (7, 1, 'Q8');
insert into models (model_id, brand_id, model_name) overriding system value values (8, 1, 'e-tron');
insert into models (model_id, brand_id, model_name) overriding system value values (9, 2, '3-Series');
insert into models (model_id, brand_id, model_name) overriding system value values (10, 2, '5-Series');
insert into models (model_id, brand_id, model_name) overriding system value values (11, 2, '7-Series');
insert into models (model_id, brand_id, model_name) overriding system value values (12, 2, 'X1');
insert into models (model_id, brand_id, model_name) overriding system value values (13, 2, 'X2');
insert into models (model_id, brand_id, model_name) overriding system value values (14, 2, 'X3');
insert into models (model_id, brand_id, model_name) overriding system value values (15, 2, 'X4');
insert into models (model_id, brand_id, model_name) overriding system value values (16, 2, 'X5');
insert into models (model_id, brand_id, model_name) overriding system value values (17, 2, 'X6');
insert into models (model_id, brand_id, model_name) overriding system value values (18, 2, 'X7');
insert into models (model_id, brand_id, model_name) overriding system value values (19, 2, 'iX');
insert into models (model_id, brand_id, model_name) overriding system value values (20, 3, 'Atto 3');
insert into models (model_id, brand_id, model_name) overriding system value values (21, 3, 'Dolphin');
insert into models (model_id, brand_id, model_name) overriding system value values (22, 3, 'Seal');
insert into models (model_id, brand_id, model_name) overriding system value values (23, 3, 'Sealion 6');
insert into models (model_id, brand_id, model_name) overriding system value values (24, 3, 'Sealion 7');
insert into models (model_id, brand_id, model_name) overriding system value values (25, 4, 'Aveo');
insert into models (model_id, brand_id, model_name) overriding system value values (26, 4, 'Captiva');
insert into models (model_id, brand_id, model_name) overriding system value values (27, 4, 'Colorado');
insert into models (model_id, brand_id, model_name) overriding system value values (28, 4, 'Cruze');
insert into models (model_id, brand_id, model_name) overriding system value values (29, 4, 'Optra');
insert into models (model_id, brand_id, model_name) overriding system value values (30, 4, 'Sonic');
insert into models (model_id, brand_id, model_name) overriding system value values (31, 4, 'Trailblazer');
insert into models (model_id, brand_id, model_name) overriding system value values (32, 4, 'Zafira');
insert into models (model_id, brand_id, model_name) overriding system value values (33, 5, 'Charade');
insert into models (model_id, brand_id, model_name) overriding system value values (34, 5, 'Mira');
insert into models (model_id, brand_id, model_name) overriding system value values (35, 6, 'L07');
insert into models (model_id, brand_id, model_name) overriding system value values (36, 6, 'S05');
insert into models (model_id, brand_id, model_name) overriding system value values (37, 6, 'S07');
insert into models (model_id, brand_id, model_name) overriding system value values (38, 7, 'EcoSport');
insert into models (model_id, brand_id, model_name) overriding system value values (39, 7, 'Escape');
insert into models (model_id, brand_id, model_name) overriding system value values (40, 7, 'Everest');
insert into models (model_id, brand_id, model_name) overriding system value values (41, 7, 'Fiesta');
insert into models (model_id, brand_id, model_name) overriding system value values (42, 7, 'Focus');
insert into models (model_id, brand_id, model_name) overriding system value values (43, 7, 'Laser');
insert into models (model_id, brand_id, model_name) overriding system value values (44, 7, 'Ranger');
insert into models (model_id, brand_id, model_name) overriding system value values (45, 7, 'Territory');
insert into models (model_id, brand_id, model_name) overriding system value values (46, 8, 'Aion ES');
insert into models (model_id, brand_id, model_name) overriding system value values (47, 8, 'Aion Y Plus');
insert into models (model_id, brand_id, model_name) overriding system value values (48, 9, 'H6');
insert into models (model_id, brand_id, model_name) overriding system value values (49, 9, 'Jolion');
insert into models (model_id, brand_id, model_name) overriding system value values (50, 10, 'Accord');
insert into models (model_id, brand_id, model_name) overriding system value values (51, 10, 'BR-V');
insert into models (model_id, brand_id, model_name) overriding system value values (52, 10, 'Brio');
insert into models (model_id, brand_id, model_name) overriding system value values (53, 10, 'Brio Amaze');
insert into models (model_id, brand_id, model_name) overriding system value values (54, 10, 'CR-V');
insert into models (model_id, brand_id, model_name) overriding system value values (55, 10, 'City');
insert into models (model_id, brand_id, model_name) overriding system value values (56, 10, 'Civic');
insert into models (model_id, brand_id, model_name) overriding system value values (57, 10, 'Elysion');
insert into models (model_id, brand_id, model_name) overriding system value values (58, 10, 'Freed');
insert into models (model_id, brand_id, model_name) overriding system value values (59, 10, 'HR-V');
insert into models (model_id, brand_id, model_name) overriding system value values (60, 10, 'Insight');
insert into models (model_id, brand_id, model_name) overriding system value values (61, 10, 'Integra');
insert into models (model_id, brand_id, model_name) overriding system value values (62, 10, 'Jazz');
insert into models (model_id, brand_id, model_name) overriding system value values (63, 10, 'Mobilio');
insert into models (model_id, brand_id, model_name) overriding system value values (64, 10, 'Odyssey');
insert into models (model_id, brand_id, model_name) overriding system value values (65, 10, 'Prelude');
insert into models (model_id, brand_id, model_name) overriding system value values (66, 10, 'S2000');
insert into models (model_id, brand_id, model_name) overriding system value values (67, 10, 'Stepwgn');
insert into models (model_id, brand_id, model_name) overriding system value values (68, 10, 'Stream');
insert into models (model_id, brand_id, model_name) overriding system value values (69, 10, 'WR-V');
insert into models (model_id, brand_id, model_name) overriding system value values (70, 10, 'e:N1');
insert into models (model_id, brand_id, model_name) overriding system value values (71, 11, 'Accent');
insert into models (model_id, brand_id, model_name) overriding system value values (72, 11, 'Creta');
insert into models (model_id, brand_id, model_name) overriding system value values (73, 11, 'Elantra');
insert into models (model_id, brand_id, model_name) overriding system value values (74, 11, 'H-1');
insert into models (model_id, brand_id, model_name) overriding system value values (75, 11, 'Ioniq 5');
insert into models (model_id, brand_id, model_name) overriding system value values (76, 11, 'Ioniq 6');
insert into models (model_id, brand_id, model_name) overriding system value values (77, 11, 'Staria');
insert into models (model_id, brand_id, model_name) overriding system value values (78, 11, 'Tucson');
insert into models (model_id, brand_id, model_name) overriding system value values (79, 12, 'IM5');
insert into models (model_id, brand_id, model_name) overriding system value values (80, 12, 'IM6');
insert into models (model_id, brand_id, model_name) overriding system value values (81, 13, 'D-Max');
insert into models (model_id, brand_id, model_name) overriding system value values (82, 13, 'Faster');
insert into models (model_id, brand_id, model_name) overriding system value values (83, 13, 'MU-7');
insert into models (model_id, brand_id, model_name) overriding system value values (84, 13, 'MU-X');
insert into models (model_id, brand_id, model_name) overriding system value values (85, 14, 'Jaecoo J7');
insert into models (model_id, brand_id, model_name) overriding system value values (86, 15, 'Cherokee');
insert into models (model_id, brand_id, model_name) overriding system value values (87, 15, 'Grand Cherokee');
insert into models (model_id, brand_id, model_name) overriding system value values (88, 15, 'Compass');
insert into models (model_id, brand_id, model_name) overriding system value values (89, 15, 'Wrangler');
insert into models (model_id, brand_id, model_name) overriding system value values (90, 16, 'Bongo');
insert into models (model_id, brand_id, model_name) overriding system value values (91, 16, 'Carnival');
insert into models (model_id, brand_id, model_name) overriding system value values (92, 16, 'EV6');
insert into models (model_id, brand_id, model_name) overriding system value values (93, 16, 'EV9');
insert into models (model_id, brand_id, model_name) overriding system value values (94, 16, 'Grand Carnival');
insert into models (model_id, brand_id, model_name) overriding system value values (95, 16, 'Seltos');
insert into models (model_id, brand_id, model_name) overriding system value values (96, 16, 'Sportage');
insert into models (model_id, brand_id, model_name) overriding system value values (97, 17, 'Defender');
insert into models (model_id, brand_id, model_name) overriding system value values (98, 17, 'Discovery');
insert into models (model_id, brand_id, model_name) overriding system value values (99, 17, 'Discovery Sport');
insert into models (model_id, brand_id, model_name) overriding system value values (100, 17, 'Range Rover');
insert into models (model_id, brand_id, model_name) overriding system value values (101, 17, 'Range Rover Evoque');
insert into models (model_id, brand_id, model_name) overriding system value values (102, 17, 'Range Rover Sport');
insert into models (model_id, brand_id, model_name) overriding system value values (103, 17, 'Range Rover Velar');
insert into models (model_id, brand_id, model_name) overriding system value values (104, 18, 'ES');
insert into models (model_id, brand_id, model_name) overriding system value values (105, 18, 'IS');
insert into models (model_id, brand_id, model_name) overriding system value values (106, 18, 'LX');
insert into models (model_id, brand_id, model_name) overriding system value values (107, 18, 'NX');
insert into models (model_id, brand_id, model_name) overriding system value values (108, 18, 'RX');
insert into models (model_id, brand_id, model_name) overriding system value values (109, 18, 'UX');
insert into models (model_id, brand_id, model_name) overriding system value values (110, 19, '4 Electric');
insert into models (model_id, brand_id, model_name) overriding system value values (111, 19, 'Cyberster');
insert into models (model_id, brand_id, model_name) overriding system value values (112, 19, 'EP');
insert into models (model_id, brand_id, model_name) overriding system value values (113, 19, 'ES');
insert into models (model_id, brand_id, model_name) overriding system value values (114, 19, 'Extender');
insert into models (model_id, brand_id, model_name) overriding system value values (115, 19, 'HS');
insert into models (model_id, brand_id, model_name) overriding system value values (116, 19, 'MG3');
insert into models (model_id, brand_id, model_name) overriding system value values (117, 19, 'MG5');
insert into models (model_id, brand_id, model_name) overriding system value values (118, 19, 'MG6');
insert into models (model_id, brand_id, model_name) overriding system value values (119, 19, 'Maxus 7');
insert into models (model_id, brand_id, model_name) overriding system value values (120, 19, 'Maxus 9');
insert into models (model_id, brand_id, model_name) overriding system value values (121, 19, 'VS HEV');
insert into models (model_id, brand_id, model_name) overriding system value values (122, 19, 'ZS');
insert into models (model_id, brand_id, model_name) overriding system value values (123, 20, 'Cooper');
insert into models (model_id, brand_id, model_name) overriding system value values (124, 20, 'Countryman');
insert into models (model_id, brand_id, model_name) overriding system value values (125, 21, '323');
insert into models (model_id, brand_id, model_name) overriding system value values (126, 21, '626');
insert into models (model_id, brand_id, model_name) overriding system value values (127, 21, 'B-Series');
insert into models (model_id, brand_id, model_name) overriding system value values (128, 21, 'BT-50');
insert into models (model_id, brand_id, model_name) overriding system value values (129, 21, 'CX-3');
insert into models (model_id, brand_id, model_name) overriding system value values (130, 21, 'CX-30');
insert into models (model_id, brand_id, model_name) overriding system value values (131, 21, 'CX-5');
insert into models (model_id, brand_id, model_name) overriding system value values (132, 21, 'CX-8');
insert into models (model_id, brand_id, model_name) overriding system value values (133, 21, 'CX-9');
insert into models (model_id, brand_id, model_name) overriding system value values (134, 21, 'MX-5');
insert into models (model_id, brand_id, model_name) overriding system value values (135, 21, 'Mazda2');
insert into models (model_id, brand_id, model_name) overriding system value values (136, 21, 'Mazda3');
insert into models (model_id, brand_id, model_name) overriding system value values (137, 21, 'Mazda6');
insert into models (model_id, brand_id, model_name) overriding system value values (138, 21, 'Protégé');
insert into models (model_id, brand_id, model_name) overriding system value values (139, 22, 'A-Class');
insert into models (model_id, brand_id, model_name) overriding system value values (140, 22, 'B-Class');
insert into models (model_id, brand_id, model_name) overriding system value values (141, 22, 'C-Class');
insert into models (model_id, brand_id, model_name) overriding system value values (142, 22, 'CLA');
insert into models (model_id, brand_id, model_name) overriding system value values (143, 22, 'CLS');
insert into models (model_id, brand_id, model_name) overriding system value values (144, 22, 'E-Class');
insert into models (model_id, brand_id, model_name) overriding system value values (145, 22, 'EQA');
insert into models (model_id, brand_id, model_name) overriding system value values (146, 22, 'EQB');
insert into models (model_id, brand_id, model_name) overriding system value values (147, 22, 'EQE');
insert into models (model_id, brand_id, model_name) overriding system value values (148, 22, 'EQS');
insert into models (model_id, brand_id, model_name) overriding system value values (149, 22, 'G-Class');
insert into models (model_id, brand_id, model_name) overriding system value values (150, 22, 'GLA');
insert into models (model_id, brand_id, model_name) overriding system value values (151, 22, 'GLC');
insert into models (model_id, brand_id, model_name) overriding system value values (152, 22, 'GLE');
insert into models (model_id, brand_id, model_name) overriding system value values (153, 22, 'S-Class');
insert into models (model_id, brand_id, model_name) overriding system value values (154, 23, 'Attrage');
insert into models (model_id, brand_id, model_name) overriding system value values (155, 23, 'Delica D:5');
insert into models (model_id, brand_id, model_name) overriding system value values (156, 23, 'Galant');
insert into models (model_id, brand_id, model_name) overriding system value values (157, 23, 'Lancer');
insert into models (model_id, brand_id, model_name) overriding system value values (158, 23, 'Mirage');
insert into models (model_id, brand_id, model_name) overriding system value values (159, 23, 'Outlander');
insert into models (model_id, brand_id, model_name) overriding system value values (160, 23, 'Outlander PHEV');
insert into models (model_id, brand_id, model_name) overriding system value values (161, 23, 'Pajero');
insert into models (model_id, brand_id, model_name) overriding system value values (162, 23, 'Pajero Sport');
insert into models (model_id, brand_id, model_name) overriding system value values (163, 23, 'Space Wagon');
insert into models (model_id, brand_id, model_name) overriding system value values (164, 23, 'Strada');
insert into models (model_id, brand_id, model_name) overriding system value values (165, 23, 'Triton');
insert into models (model_id, brand_id, model_name) overriding system value values (166, 23, 'Xforce');
insert into models (model_id, brand_id, model_name) overriding system value values (167, 23, 'Xpander');
insert into models (model_id, brand_id, model_name) overriding system value values (168, 24, 'Neta V');
insert into models (model_id, brand_id, model_name) overriding system value values (169, 24, 'Neta X');
insert into models (model_id, brand_id, model_name) overriding system value values (170, 25, 'Almera');
insert into models (model_id, brand_id, model_name) overriding system value values (171, 25, 'Cefiro');
insert into models (model_id, brand_id, model_name) overriding system value values (172, 25, 'Elgrand');
insert into models (model_id, brand_id, model_name) overriding system value values (173, 25, 'Fuga');
insert into models (model_id, brand_id, model_name) overriding system value values (174, 25, 'GT-R');
insert into models (model_id, brand_id, model_name) overriding system value values (175, 25, 'Juke');
insert into models (model_id, brand_id, model_name) overriding system value values (176, 25, 'Kicks (e-POWER)');
insert into models (model_id, brand_id, model_name) overriding system value values (177, 25, 'Leaf');
insert into models (model_id, brand_id, model_name) overriding system value values (178, 25, 'March');
insert into models (model_id, brand_id, model_name) overriding system value values (179, 25, 'NV');
insert into models (model_id, brand_id, model_name) overriding system value values (180, 25, 'NV1200');
insert into models (model_id, brand_id, model_name) overriding system value values (181, 25, 'Navara');
insert into models (model_id, brand_id, model_name) overriding system value values (182, 25, 'Note (e-POWER)');
insert into models (model_id, brand_id, model_name) overriding system value values (183, 25, 'Pulsar');
insert into models (model_id, brand_id, model_name) overriding system value values (184, 25, 'Serena');
insert into models (model_id, brand_id, model_name) overriding system value values (185, 25, 'Skyline');
insert into models (model_id, brand_id, model_name) overriding system value values (186, 25, 'Sunny');
insert into models (model_id, brand_id, model_name) overriding system value values (187, 25, 'Sunny Neo');
insert into models (model_id, brand_id, model_name) overriding system value values (188, 25, 'Sylphy');
insert into models (model_id, brand_id, model_name) overriding system value values (189, 25, 'Teana');
insert into models (model_id, brand_id, model_name) overriding system value values (190, 25, 'Terra');
insert into models (model_id, brand_id, model_name) overriding system value values (191, 25, 'Tiida');
insert into models (model_id, brand_id, model_name) overriding system value values (192, 25, 'Tiida Latio');
insert into models (model_id, brand_id, model_name) overriding system value values (193, 25, 'Urvan');
insert into models (model_id, brand_id, model_name) overriding system value values (194, 25, 'X-Trail');
insert into models (model_id, brand_id, model_name) overriding system value values (195, 26, 'Good Cat');
insert into models (model_id, brand_id, model_name) overriding system value values (196, 27, 'Omoda 5');
insert into models (model_id, brand_id, model_name) overriding system value values (197, 28, '206');
insert into models (model_id, brand_id, model_name) overriding system value values (198, 28, '3008');
insert into models (model_id, brand_id, model_name) overriding system value values (199, 28, '306');
insert into models (model_id, brand_id, model_name) overriding system value values (200, 28, '405');
insert into models (model_id, brand_id, model_name) overriding system value values (201, 28, '406');
insert into models (model_id, brand_id, model_name) overriding system value values (202, 28, '5008');
insert into models (model_id, brand_id, model_name) overriding system value values (203, 29, '718 Cayman');
insert into models (model_id, brand_id, model_name) overriding system value values (204, 29, '718 Boxster');
insert into models (model_id, brand_id, model_name) overriding system value values (205, 29, '911');
insert into models (model_id, brand_id, model_name) overriding system value values (206, 29, 'Cayenne');
insert into models (model_id, brand_id, model_name) overriding system value values (207, 29, 'Macan');
insert into models (model_id, brand_id, model_name) overriding system value values (208, 29, 'Panamera');
insert into models (model_id, brand_id, model_name) overriding system value values (209, 29, 'Taycan');
insert into models (model_id, brand_id, model_name) overriding system value values (210, 30, 'Persona');
insert into models (model_id, brand_id, model_name) overriding system value values (211, 30, 'Saga');
insert into models (model_id, brand_id, model_name) overriding system value values (212, 30, 'X50');
insert into models (model_id, brand_id, model_name) overriding system value values (213, 30, 'X70');
insert into models (model_id, brand_id, model_name) overriding system value values (214, 31, 'Korando');
insert into models (model_id, brand_id, model_name) overriding system value values (215, 31, 'Musso');
insert into models (model_id, brand_id, model_name) overriding system value values (216, 32, 'BRZ');
insert into models (model_id, brand_id, model_name) overriding system value values (217, 32, 'Forester');
insert into models (model_id, brand_id, model_name) overriding system value values (218, 32, 'Impreza');
insert into models (model_id, brand_id, model_name) overriding system value values (219, 32, 'Outback');
insert into models (model_id, brand_id, model_name) overriding system value values (220, 32, 'Legacy');
insert into models (model_id, brand_id, model_name) overriding system value values (221, 32, 'WRX');
insert into models (model_id, brand_id, model_name) overriding system value values (222, 32, 'XV');
insert into models (model_id, brand_id, model_name) overriding system value values (223, 33, 'Caribian');
insert into models (model_id, brand_id, model_name) overriding system value values (224, 33, 'Carry');
insert into models (model_id, brand_id, model_name) overriding system value values (225, 33, 'Celerio');
insert into models (model_id, brand_id, model_name) overriding system value values (226, 33, 'Ciaz');
insert into models (model_id, brand_id, model_name) overriding system value values (227, 33, 'Ertiga');
insert into models (model_id, brand_id, model_name) overriding system value values (228, 33, 'Jimny');
insert into models (model_id, brand_id, model_name) overriding system value values (229, 33, 'Swift');
insert into models (model_id, brand_id, model_name) overriding system value values (230, 33, 'Vitara');
insert into models (model_id, brand_id, model_name) overriding system value values (231, 33, 'XL7');
insert into models (model_id, brand_id, model_name) overriding system value values (232, 34, 'Tank 300');
insert into models (model_id, brand_id, model_name) overriding system value values (233, 35, 'Xenon');
insert into models (model_id, brand_id, model_name) overriding system value values (234, 36, 'Adventure');
insert into models (model_id, brand_id, model_name) overriding system value values (235, 36, 'Allroader');
insert into models (model_id, brand_id, model_name) overriding system value values (236, 37, '86');
insert into models (model_id, brand_id, model_name) overriding system value values (237, 37, 'Alphard');
insert into models (model_id, brand_id, model_name) overriding system value values (238, 37, 'Avanza');
insert into models (model_id, brand_id, model_name) overriding system value values (239, 37, 'C-HR');
insert into models (model_id, brand_id, model_name) overriding system value values (240, 37, 'Camry');
insert into models (model_id, brand_id, model_name) overriding system value values (241, 37, 'Celica');
insert into models (model_id, brand_id, model_name) overriding system value values (242, 37, 'Century');
insert into models (model_id, brand_id, model_name) overriding system value values (243, 37, 'HiAce');
insert into models (model_id, brand_id, model_name) overriding system value values (244, 37, 'Corolla');
insert into models (model_id, brand_id, model_name) overriding system value values (245, 37, 'Corolla Altis');
insert into models (model_id, brand_id, model_name) overriding system value values (246, 37, 'Corolla Cross');
insert into models (model_id, brand_id, model_name) overriding system value values (247, 37, 'Corona (Toyopet Tiara)');
insert into models (model_id, brand_id, model_name) overriding system value values (248, 37, 'Cressida');
insert into models (model_id, brand_id, model_name) overriding system value values (249, 37, 'Estima');
insert into models (model_id, brand_id, model_name) overriding system value values (250, 37, 'Fortuner');
insert into models (model_id, brand_id, model_name) overriding system value values (251, 37, 'GR Corolla');
insert into models (model_id, brand_id, model_name) overriding system value values (252, 37, 'GR Supra');
insert into models (model_id, brand_id, model_name) overriding system value values (253, 37, 'GR Yaris');
insert into models (model_id, brand_id, model_name) overriding system value values (254, 37, 'GR86');
insert into models (model_id, brand_id, model_name) overriding system value values (255, 37, 'Harrier');
insert into models (model_id, brand_id, model_name) overriding system value values (256, 37, 'Hilux Champ');
insert into models (model_id, brand_id, model_name) overriding system value values (257, 37, 'Hilux Mighty X');
insert into models (model_id, brand_id, model_name) overriding system value values (258, 37, 'Hilux Revo');
insert into models (model_id, brand_id, model_name) overriding system value values (259, 37, 'Hilux Sport Rider');
insert into models (model_id, brand_id, model_name) overriding system value values (260, 37, 'Hilux Tiger');
insert into models (model_id, brand_id, model_name) overriding system value values (261, 37, 'Hilux Vigo');
insert into models (model_id, brand_id, model_name) overriding system value values (262, 37, 'Innova (AN40)');
insert into models (model_id, brand_id, model_name) overriding system value values (263, 37, 'Innova Crysta (AN140)');
insert into models (model_id, brand_id, model_name) overriding system value values (264, 37, 'Innova Zenix (AG10)');
insert into models (model_id, brand_id, model_name) overriding system value values (265, 37, 'Isis');
insert into models (model_id, brand_id, model_name) overriding system value values (266, 37, 'Land Cruiser');
insert into models (model_id, brand_id, model_name) overriding system value values (267, 37, 'Land Cruiser FJ');
insert into models (model_id, brand_id, model_name) overriding system value values (268, 37, 'Land Cruiser Prado');
insert into models (model_id, brand_id, model_name) overriding system value values (269, 37, 'Majesty');
insert into models (model_id, brand_id, model_name) overriding system value values (270, 37, 'Mark X');
insert into models (model_id, brand_id, model_name) overriding system value values (271, 37, 'Noah');
insert into models (model_id, brand_id, model_name) overriding system value values (272, 37, 'Voxy');
insert into models (model_id, brand_id, model_name) overriding system value values (273, 37, 'Paseo');
insert into models (model_id, brand_id, model_name) overriding system value values (274, 37, 'Previa');
insert into models (model_id, brand_id, model_name) overriding system value values (275, 37, 'Prius');
insert into models (model_id, brand_id, model_name) overriding system value values (276, 37, 'Prius C (Aqua)');
insert into models (model_id, brand_id, model_name) overriding system value values (277, 37, 'RAV4');
insert into models (model_id, brand_id, model_name) overriding system value values (278, 37, 'Sienta');
insert into models (model_id, brand_id, model_name) overriding system value values (279, 37, 'Soluna');
insert into models (model_id, brand_id, model_name) overriding system value values (280, 37, 'Soluna Vios');
insert into models (model_id, brand_id, model_name) overriding system value values (281, 37, 'Vellfire');
insert into models (model_id, brand_id, model_name) overriding system value values (282, 37, 'Veloz');
insert into models (model_id, brand_id, model_name) overriding system value values (283, 37, 'Ventury');
insert into models (model_id, brand_id, model_name) overriding system value values (284, 37, 'Vios');
insert into models (model_id, brand_id, model_name) overriding system value values (285, 37, 'Wish');
insert into models (model_id, brand_id, model_name) overriding system value values (286, 37, 'Yaris (Vitz-based)');
insert into models (model_id, brand_id, model_name) overriding system value values (287, 37, 'Yaris (XP150)');
insert into models (model_id, brand_id, model_name) overriding system value values (288, 37, 'Yaris Ativ');
insert into models (model_id, brand_id, model_name) overriding system value values (289, 37, 'Yaris Cross');
insert into models (model_id, brand_id, model_name) overriding system value values (290, 37, 'bZ4X');
insert into models (model_id, brand_id, model_name) overriding system value values (291, 38, 'Beetle');
insert into models (model_id, brand_id, model_name) overriding system value values (292, 38, 'Golf');
insert into models (model_id, brand_id, model_name) overriding system value values (293, 38, 'Passat');
insert into models (model_id, brand_id, model_name) overriding system value values (294, 38, 'Tiguan');
insert into models (model_id, brand_id, model_name) overriding system value values (295, 39, 'S60');
insert into models (model_id, brand_id, model_name) overriding system value values (296, 39, 'S90');
insert into models (model_id, brand_id, model_name) overriding system value values (297, 39, 'XC60');
insert into models (model_id, brand_id, model_name) overriding system value values (298, 39, 'XC90');
insert into models (model_id, brand_id, model_name) overriding system value values (299, 40, 'G6');
insert into models (model_id, brand_id, model_name) overriding system value values (300, 40, 'X9');

insert into model_generations (generation_id, model_id, generation_code, year_start, year_start_approx, year_end, year_end_approx, is_current, note) overriding system value values (1, 1, 'รุ่นเดียว (ไม่มีการแยกเจนเนอเรชันเพิ่มเติม)', 1996, false, null, false, true, '');
insert into model_generations (generation_id, model_id, generation_code, year_start, year_start_approx, year_end, year_end_approx, is_current, note) overriding system value values (2, 2, 'รุ่นเดียว (ไม่มีการแยกเจนเนอเรชันเพิ่มเติม)', 1996, false, null, false, true, '');
insert into model_generations (generation_id, model_id, generation_code, year_start, year_start_approx, year_end, year_end_approx, is_current, note) overriding system value values (3, 3, 'รุ่นเดียว (ไม่มีการแยกเจนเนอเรชันเพิ่มเติม)', 1996, false, null, false, true, '');
insert into model_generations (generation_id, model_id, generation_code, year_start, year_start_approx, year_end, year_end_approx, is_current, note) overriding system value values (4, 4, 'รุ่นเดียว (ไม่มีการแยกเจนเนอเรชันเพิ่มเติม)', 2012, false, null, false, true, '');
insert into model_generations (generation_id, model_id, generation_code, year_start, year_start_approx, year_end, year_end_approx, is_current, note) overriding system value values (5, 5, 'รุ่นเดียว (ไม่มีการแยกเจนเนอเรชันเพิ่มเติม)', 2009, false, null, false, true, '');
insert into model_generations (generation_id, model_id, generation_code, year_start, year_start_approx, year_end, year_end_approx, is_current, note) overriding system value values (6, 6, 'รุ่นเดียว (ไม่มีการแยกเจนเนอเรชันเพิ่มเติม)', 2006, false, null, false, true, '');
insert into model_generations (generation_id, model_id, generation_code, year_start, year_start_approx, year_end, year_end_approx, is_current, note) overriding system value values (7, 7, 'รุ่นเดียว (ไม่มีการแยกเจนเนอเรชันเพิ่มเติม)', 2019, false, null, false, true, 'นำเข้า');
insert into model_generations (generation_id, model_id, generation_code, year_start, year_start_approx, year_end, year_end_approx, is_current, note) overriding system value values (8, 8, 'รุ่นเดียว (ไม่มีการแยกเจนเนอเรชันเพิ่มเติม)', 2020, false, null, false, true, 'นำเข้า');
insert into model_generations (generation_id, model_id, generation_code, year_start, year_start_approx, year_end, year_end_approx, is_current, note) overriding system value values (9, 9, 'รุ่นเดียว (ไม่มีการแยกเจนเนอเรชันเพิ่มเติม)', 1996, false, null, false, true, '');
insert into model_generations (generation_id, model_id, generation_code, year_start, year_start_approx, year_end, year_end_approx, is_current, note) overriding system value values (10, 10, 'รุ่นเดียว (ไม่มีการแยกเจนเนอเรชันเพิ่มเติม)', 1996, false, null, false, true, '');
insert into model_generations (generation_id, model_id, generation_code, year_start, year_start_approx, year_end, year_end_approx, is_current, note) overriding system value values (11, 11, 'รุ่นเดียว (ไม่มีการแยกเจนเนอเรชันเพิ่มเติม)', 1996, false, null, false, true, '');
insert into model_generations (generation_id, model_id, generation_code, year_start, year_start_approx, year_end, year_end_approx, is_current, note) overriding system value values (12, 12, 'รุ่นเดียว (ไม่มีการแยกเจนเนอเรชันเพิ่มเติม)', 2010, false, null, false, true, '');
insert into model_generations (generation_id, model_id, generation_code, year_start, year_start_approx, year_end, year_end_approx, is_current, note) overriding system value values (13, 13, 'รุ่นเดียว (ไม่มีการแยกเจนเนอเรชันเพิ่มเติม)', 2018, false, null, false, true, '');
insert into model_generations (generation_id, model_id, generation_code, year_start, year_start_approx, year_end, year_end_approx, is_current, note) overriding system value values (14, 14, 'รุ่นเดียว (ไม่มีการแยกเจนเนอเรชันเพิ่มเติม)', 2004, false, null, false, true, '');
insert into model_generations (generation_id, model_id, generation_code, year_start, year_start_approx, year_end, year_end_approx, is_current, note) overriding system value values (15, 15, 'รุ่นเดียว (ไม่มีการแยกเจนเนอเรชันเพิ่มเติม)', 2015, false, null, false, true, '');
insert into model_generations (generation_id, model_id, generation_code, year_start, year_start_approx, year_end, year_end_approx, is_current, note) overriding system value values (16, 16, 'รุ่นเดียว (ไม่มีการแยกเจนเนอเรชันเพิ่มเติม)', 2000, false, null, false, true, '');
insert into model_generations (generation_id, model_id, generation_code, year_start, year_start_approx, year_end, year_end_approx, is_current, note) overriding system value values (17, 17, 'รุ่นเดียว (ไม่มีการแยกเจนเนอเรชันเพิ่มเติม)', 2010, false, null, false, true, '');
insert into model_generations (generation_id, model_id, generation_code, year_start, year_start_approx, year_end, year_end_approx, is_current, note) overriding system value values (18, 18, 'รุ่นเดียว (ไม่มีการแยกเจนเนอเรชันเพิ่มเติม)', 2019, false, null, false, true, '');
insert into model_generations (generation_id, model_id, generation_code, year_start, year_start_approx, year_end, year_end_approx, is_current, note) overriding system value values (19, 19, 'รุ่นเดียว (ไม่มีการแยกเจนเนอเรชันเพิ่มเติม)', 2021, false, null, false, true, '');
insert into model_generations (generation_id, model_id, generation_code, year_start, year_start_approx, year_end, year_end_approx, is_current, note) overriding system value values (20, 20, 'รุ่นเดียว (ไม่มีการแยกเจนเนอเรชันเพิ่มเติม)', 2022, false, null, false, true, '');
insert into model_generations (generation_id, model_id, generation_code, year_start, year_start_approx, year_end, year_end_approx, is_current, note) overriding system value values (21, 21, 'รุ่นเดียว (ไม่มีการแยกเจนเนอเรชันเพิ่มเติม)', 2023, false, null, false, true, '');
insert into model_generations (generation_id, model_id, generation_code, year_start, year_start_approx, year_end, year_end_approx, is_current, note) overriding system value values (22, 22, 'รุ่นเดียว (ไม่มีการแยกเจนเนอเรชันเพิ่มเติม)', 2023, false, null, false, true, '');
insert into model_generations (generation_id, model_id, generation_code, year_start, year_start_approx, year_end, year_end_approx, is_current, note) overriding system value values (23, 23, 'รุ่นเดียว (ไม่มีการแยกเจนเนอเรชันเพิ่มเติม)', 2024, false, null, false, true, '');
insert into model_generations (generation_id, model_id, generation_code, year_start, year_start_approx, year_end, year_end_approx, is_current, note) overriding system value values (24, 24, 'รุ่นเดียว (ไม่มีการแยกเจนเนอเรชันเพิ่มเติม)', 2024, false, null, false, true, '');
insert into model_generations (generation_id, model_id, generation_code, year_start, year_start_approx, year_end, year_end_approx, is_current, note) overriding system value values (25, 25, 'รุ่นเดียว (ไม่มีการแยกเจนเนอเรชันเพิ่มเติม)', 2003, false, 2011, false, false, '');
insert into model_generations (generation_id, model_id, generation_code, year_start, year_start_approx, year_end, year_end_approx, is_current, note) overriding system value values (26, 26, 'รุ่นเดียว (ไม่มีการแยกเจนเนอเรชันเพิ่มเติม)', 2007, false, 2018, false, false, '');
insert into model_generations (generation_id, model_id, generation_code, year_start, year_start_approx, year_end, year_end_approx, is_current, note) overriding system value values (27, 27, 'รุ่นเดียว (ไม่มีการแยกเจนเนอเรชันเพิ่มเติม)', 2004, false, 2020, false, false, '');
insert into model_generations (generation_id, model_id, generation_code, year_start, year_start_approx, year_end, year_end_approx, is_current, note) overriding system value values (28, 28, 'รุ่นเดียว (ไม่มีการแยกเจนเนอเรชันเพิ่มเติม)', 2010, false, 2018, false, false, '');
insert into model_generations (generation_id, model_id, generation_code, year_start, year_start_approx, year_end, year_end_approx, is_current, note) overriding system value values (29, 29, 'รุ่นเดียว (ไม่มีการแยกเจนเนอเรชันเพิ่มเติม)', 2003, false, 2011, false, false, '');
insert into model_generations (generation_id, model_id, generation_code, year_start, year_start_approx, year_end, year_end_approx, is_current, note) overriding system value values (30, 30, 'รุ่นเดียว (ไม่มีการแยกเจนเนอเรชันเพิ่มเติม)', 2012, false, 2018, false, false, '');
insert into model_generations (generation_id, model_id, generation_code, year_start, year_start_approx, year_end, year_end_approx, is_current, note) overriding system value values (31, 31, 'รุ่นเดียว (ไม่มีการแยกเจนเนอเรชันเพิ่มเติม)', 2012, false, 2020, false, false, '');
insert into model_generations (generation_id, model_id, generation_code, year_start, year_start_approx, year_end, year_end_approx, is_current, note) overriding system value values (32, 32, 'รุ่นเดียว (ไม่มีการแยกเจนเนอเรชันเพิ่มเติม)', 1999, false, 2008, false, false, '');
insert into model_generations (generation_id, model_id, generation_code, year_start, year_start_approx, year_end, year_end_approx, is_current, note) overriding system value values (33, 33, 'รุ่นเดียว (ไม่มีการแยกเจนเนอเรชันเพิ่มเติม)', 1996, false, 1998, false, false, '');
insert into model_generations (generation_id, model_id, generation_code, year_start, year_start_approx, year_end, year_end_approx, is_current, note) overriding system value values (34, 34, 'รุ่นเดียว (ไม่มีการแยกเจนเนอเรชันเพิ่มเติม)', 1996, false, 1998, false, false, '');
insert into model_generations (generation_id, model_id, generation_code, year_start, year_start_approx, year_end, year_end_approx, is_current, note) overriding system value values (35, 35, 'รุ่นเดียว (ไม่มีการแยกเจนเนอเรชันเพิ่มเติม)', 2024, false, null, false, true, '');
insert into model_generations (generation_id, model_id, generation_code, year_start, year_start_approx, year_end, year_end_approx, is_current, note) overriding system value values (36, 36, 'รุ่นเดียว (ไม่มีการแยกเจนเนอเรชันเพิ่มเติม)', 2024, false, null, false, true, '');
insert into model_generations (generation_id, model_id, generation_code, year_start, year_start_approx, year_end, year_end_approx, is_current, note) overriding system value values (37, 37, 'รุ่นเดียว (ไม่มีการแยกเจนเนอเรชันเพิ่มเติม)', 2023, false, null, false, true, '');
insert into model_generations (generation_id, model_id, generation_code, year_start, year_start_approx, year_end, year_end_approx, is_current, note) overriding system value values (38, 38, 'รุ่นเดียว (ไม่มีการแยกเจนเนอเรชันเพิ่มเติม)', 2014, false, 2018, false, false, '');
insert into model_generations (generation_id, model_id, generation_code, year_start, year_start_approx, year_end, year_end_approx, is_current, note) overriding system value values (39, 39, 'รุ่นเดียว (ไม่มีการแยกเจนเนอเรชันเพิ่มเติม)', 2001, false, 2012, false, false, '');
insert into model_generations (generation_id, model_id, generation_code, year_start, year_start_approx, year_end, year_end_approx, is_current, note) overriding system value values (40, 40, 'เจนเนอเรชัน 1, U140/U150', 2003, false, 2015, false, false, '');
insert into model_generations (generation_id, model_id, generation_code, year_start, year_start_approx, year_end, year_end_approx, is_current, note) overriding system value values (41, 40, 'เจนเนอเรชัน 2, UA', 2015, false, 2022, false, false, '');
insert into model_generations (generation_id, model_id, generation_code, year_start, year_start_approx, year_end, year_end_approx, is_current, note) overriding system value values (42, 40, 'เจนเนอเรชัน 3, Next-Gen', 2022, false, null, false, true, '');
insert into model_generations (generation_id, model_id, generation_code, year_start, year_start_approx, year_end, year_end_approx, is_current, note) overriding system value values (43, 41, 'รุ่นเดียว (ไม่มีการแยกเจนเนอเรชันเพิ่มเติม)', 2010, false, 2018, false, false, '');
insert into model_generations (generation_id, model_id, generation_code, year_start, year_start_approx, year_end, year_end_approx, is_current, note) overriding system value values (44, 42, 'รุ่นเดียว (ไม่มีการแยกเจนเนอเรชันเพิ่มเติม)', 2005, false, 2018, false, false, '');
insert into model_generations (generation_id, model_id, generation_code, year_start, year_start_approx, year_end, year_end_approx, is_current, note) overriding system value values (45, 43, 'รุ่นเดียว (ไม่มีการแยกเจนเนอเรชันเพิ่มเติม)', 1996, false, 2002, false, false, '');
insert into model_generations (generation_id, model_id, generation_code, year_start, year_start_approx, year_end, year_end_approx, is_current, note) overriding system value values (46, 44, 'เจนเนอเรชัน 1', 1999, false, 2006, false, false, '');
insert into model_generations (generation_id, model_id, generation_code, year_start, year_start_approx, year_end, year_end_approx, is_current, note) overriding system value values (47, 44, 'เจนเนอเรชัน 2', 2006, false, 2011, false, false, '');
insert into model_generations (generation_id, model_id, generation_code, year_start, year_start_approx, year_end, year_end_approx, is_current, note) overriding system value values (48, 44, 'T6 (เจนเนอเรชัน 3)', 2011, false, 2022, false, false, '');
insert into model_generations (generation_id, model_id, generation_code, year_start, year_start_approx, year_end, year_end_approx, is_current, note) overriding system value values (49, 44, 'Next-Gen (เจนเนอเรชัน 4)', 2022, false, null, false, true, '');
insert into model_generations (generation_id, model_id, generation_code, year_start, year_start_approx, year_end, year_end_approx, is_current, note) overriding system value values (50, 45, 'รุ่นเดียว (ไม่มีการแยกเจนเนอเรชันเพิ่มเติม)', 2022, false, null, false, true, '');
insert into model_generations (generation_id, model_id, generation_code, year_start, year_start_approx, year_end, year_end_approx, is_current, note) overriding system value values (51, 46, 'รุ่นเดียว (ไม่มีการแยกเจนเนอเรชันเพิ่มเติม)', 2023, false, null, false, true, '');
insert into model_generations (generation_id, model_id, generation_code, year_start, year_start_approx, year_end, year_end_approx, is_current, note) overriding system value values (52, 47, 'รุ่นเดียว (ไม่มีการแยกเจนเนอเรชันเพิ่มเติม)', 2023, false, null, false, true, '');
insert into model_generations (generation_id, model_id, generation_code, year_start, year_start_approx, year_end, year_end_approx, is_current, note) overriding system value values (53, 48, 'รุ่นเดียว (ไม่มีการแยกเจนเนอเรชันเพิ่มเติม)', 2021, false, null, false, true, '');
insert into model_generations (generation_id, model_id, generation_code, year_start, year_start_approx, year_end, year_end_approx, is_current, note) overriding system value values (54, 49, 'รุ่นเดียว (ไม่มีการแยกเจนเนอเรชันเพิ่มเติม)', 2021, false, null, false, true, '');
insert into model_generations (generation_id, model_id, generation_code, year_start, year_start_approx, year_end, year_end_approx, is_current, note) overriding system value values (55, 50, 'เจนเนอเรชัน 5, CD/CE', 1996, false, 1997, false, false, '');
insert into model_generations (generation_id, model_id, generation_code, year_start, year_start_approx, year_end, year_end_approx, is_current, note) overriding system value values (56, 50, 'เจนเนอเรชัน 6, CF/CG', 1997, false, 2002, false, false, '');
insert into model_generations (generation_id, model_id, generation_code, year_start, year_start_approx, year_end, year_end_approx, is_current, note) overriding system value values (57, 50, 'เจนเนอเรชัน 7, CL/CM', 2003, false, 2007, false, false, '');
insert into model_generations (generation_id, model_id, generation_code, year_start, year_start_approx, year_end, year_end_approx, is_current, note) overriding system value values (58, 50, 'เจนเนอเรชัน 8, CU', 2008, false, 2012, false, false, '');
insert into model_generations (generation_id, model_id, generation_code, year_start, year_start_approx, year_end, year_end_approx, is_current, note) overriding system value values (59, 50, 'เจนเนอเรชัน 9, CR', 2013, false, 2017, false, false, '');
insert into model_generations (generation_id, model_id, generation_code, year_start, year_start_approx, year_end, year_end_approx, is_current, note) overriding system value values (60, 50, 'เจนเนอเรชัน 10, CV', 2018, false, 2022, false, false, '');
insert into model_generations (generation_id, model_id, generation_code, year_start, year_start_approx, year_end, year_end_approx, is_current, note) overriding system value values (61, 50, 'เจนเนอเรชัน 11', 2023, false, null, false, true, 'นำเข้า');
insert into model_generations (generation_id, model_id, generation_code, year_start, year_start_approx, year_end, year_end_approx, is_current, note) overriding system value values (62, 51, 'เจนเนอเรชัน 1', 2016, false, 2022, false, false, '');
insert into model_generations (generation_id, model_id, generation_code, year_start, year_start_approx, year_end, year_end_approx, is_current, note) overriding system value values (63, 51, 'เจนเนอเรชัน 2', 2022, false, null, false, true, '');
insert into model_generations (generation_id, model_id, generation_code, year_start, year_start_approx, year_end, year_end_approx, is_current, note) overriding system value values (64, 52, 'รุ่นเดียว (ไม่มีการแยกเจนเนอเรชันเพิ่มเติม)', 2011, false, 2016, false, false, '');
insert into model_generations (generation_id, model_id, generation_code, year_start, year_start_approx, year_end, year_end_approx, is_current, note) overriding system value values (65, 53, 'รุ่นเดียว (ไม่มีการแยกเจนเนอเรชันเพิ่มเติม)', 2013, false, 2016, false, false, '');
insert into model_generations (generation_id, model_id, generation_code, year_start, year_start_approx, year_end, year_end_approx, is_current, note) overriding system value values (66, 54, 'เจนเนอเรชัน 1', 1996, false, 2001, false, false, '');
insert into model_generations (generation_id, model_id, generation_code, year_start, year_start_approx, year_end, year_end_approx, is_current, note) overriding system value values (67, 54, 'เจนเนอเรชัน 2', 2002, false, 2006, false, false, '');
insert into model_generations (generation_id, model_id, generation_code, year_start, year_start_approx, year_end, year_end_approx, is_current, note) overriding system value values (68, 54, 'เจนเนอเรชัน 3', 2007, false, 2012, false, false, '');
insert into model_generations (generation_id, model_id, generation_code, year_start, year_start_approx, year_end, year_end_approx, is_current, note) overriding system value values (69, 54, 'เจนเนอเรชัน 4', 2012, false, 2017, false, false, '');
insert into model_generations (generation_id, model_id, generation_code, year_start, year_start_approx, year_end, year_end_approx, is_current, note) overriding system value values (70, 54, 'เจนเนอเรชัน 5', 2017, false, 2023, false, false, '');
insert into model_generations (generation_id, model_id, generation_code, year_start, year_start_approx, year_end, year_end_approx, is_current, note) overriding system value values (71, 54, 'เจนเนอเรชัน 6', 2023, false, null, false, true, 'รวมรุ่น e:HEV');
insert into model_generations (generation_id, model_id, generation_code, year_start, year_start_approx, year_end, year_end_approx, is_current, note) overriding system value values (72, 55, 'เจนเนอเรชัน 6', 2019, false, 2023, false, false, '');
insert into model_generations (generation_id, model_id, generation_code, year_start, year_start_approx, year_end, year_end_approx, is_current, note) overriding system value values (73, 55, 'เจนเนอเรชัน 7', 2023, false, null, false, true, 'รวม City Hatchback, e:HEV');
insert into model_generations (generation_id, model_id, generation_code, year_start, year_start_approx, year_end, year_end_approx, is_current, note) overriding system value values (74, 55, 'GA3', 1996, false, 2002, false, false, '');
insert into model_generations (generation_id, model_id, generation_code, year_start, year_start_approx, year_end, year_end_approx, is_current, note) overriding system value values (75, 55, 'GM2', 2008, false, 2014, false, false, '');
insert into model_generations (generation_id, model_id, generation_code, year_start, year_start_approx, year_end, year_end_approx, is_current, note) overriding system value values (76, 55, 'GM6', 2014, false, 2019, false, false, '');
insert into model_generations (generation_id, model_id, generation_code, year_start, year_start_approx, year_end, year_end_approx, is_current, note) overriding system value values (77, 55, 'เจนเนอเรชัน 3', 2002, false, 2008, false, false, 'แข่งกับ Toyota Vios ในตลาดไทย');
insert into model_generations (generation_id, model_id, generation_code, year_start, year_start_approx, year_end, year_end_approx, is_current, note) overriding system value values (78, 56, 'EG', 1996, false, 1996, false, false, 'ช่วงปลายเจนเนอเรชัน 5 ก่อนเปลี่ยนเป็น EK');
insert into model_generations (generation_id, model_id, generation_code, year_start, year_start_approx, year_end, year_end_approx, is_current, note) overriding system value values (79, 56, 'EK', 1996, false, 2000, false, false, 'เจนเนอเรชัน 6');
insert into model_generations (generation_id, model_id, generation_code, year_start, year_start_approx, year_end, year_end_approx, is_current, note) overriding system value values (80, 56, 'ES (Dimension)', 2000, false, 2005, false, false, '''Dimension'' เป็นชื่อทำตลาดในไทย/อาเซียนของเจนเนอเรชัน 7');
insert into model_generations (generation_id, model_id, generation_code, year_start, year_start_approx, year_end, year_end_approx, is_current, note) overriding system value values (81, 56, 'FB', 2012, false, 2016, false, false, '');
insert into model_generations (generation_id, model_id, generation_code, year_start, year_start_approx, year_end, year_end_approx, is_current, note) overriding system value values (82, 56, 'FC', 2016, false, 2021, false, false, '');
insert into model_generations (generation_id, model_id, generation_code, year_start, year_start_approx, year_end, year_end_approx, is_current, note) overriding system value values (83, 56, 'FD', 2005, false, 2011, false, false, '');
insert into model_generations (generation_id, model_id, generation_code, year_start, year_start_approx, year_end, year_end_approx, is_current, note) overriding system value values (84, 56, 'FE (เจนเนอเรชัน 11)', 2021, false, null, false, true, 'รวม Civic e:HEV, Type R นำเข้า');
insert into model_generations (generation_id, model_id, generation_code, year_start, year_start_approx, year_end, year_end_approx, is_current, note) overriding system value values (85, 57, 'รุ่นเดียว (ไม่มีการแยกเจนเนอเรชันเพิ่มเติม)', 2004, false, 2013, false, false, '');
insert into model_generations (generation_id, model_id, generation_code, year_start, year_start_approx, year_end, year_end_approx, is_current, note) overriding system value values (86, 58, 'รุ่นเดียว (ไม่มีการแยกเจนเนอเรชันเพิ่มเติม)', 2009, false, 2016, false, false, '');
insert into model_generations (generation_id, model_id, generation_code, year_start, year_start_approx, year_end, year_end_approx, is_current, note) overriding system value values (87, 59, 'Gen1', 1999, false, 2003, false, false, '');
insert into model_generations (generation_id, model_id, generation_code, year_start, year_start_approx, year_end, year_end_approx, is_current, note) overriding system value values (88, 59, 'Vezel-based, เจนเนอเรชัน 1', 2015, false, 2021, false, false, '');
insert into model_generations (generation_id, model_id, generation_code, year_start, year_start_approx, year_end, year_end_approx, is_current, note) overriding system value values (89, 59, 'เจนเนอเรชัน 2', 2022, false, null, false, true, '');
insert into model_generations (generation_id, model_id, generation_code, year_start, year_start_approx, year_end, year_end_approx, is_current, note) overriding system value values (90, 60, 'รุ่นเดียว (ไม่มีการแยกเจนเนอเรชันเพิ่มเติม)', 2000, false, 2014, false, false, '');
insert into model_generations (generation_id, model_id, generation_code, year_start, year_start_approx, year_end, year_end_approx, is_current, note) overriding system value values (91, 61, 'รุ่นเดียว (ไม่มีการแยกเจนเนอเรชันเพิ่มเติม)', 1996, false, null, true, false, '');
insert into model_generations (generation_id, model_id, generation_code, year_start, year_start_approx, year_end, year_end_approx, is_current, note) overriding system value values (92, 62, 'เจนเนอเรชัน 1, GD', 2003, false, 2008, false, false, '');
insert into model_generations (generation_id, model_id, generation_code, year_start, year_start_approx, year_end, year_end_approx, is_current, note) overriding system value values (93, 62, 'เจนเนอเรชัน 2, GE', 2008, false, 2014, false, false, '');
insert into model_generations (generation_id, model_id, generation_code, year_start, year_start_approx, year_end, year_end_approx, is_current, note) overriding system value values (94, 62, 'เจนเนอเรชัน 3, GK', 2014, false, 2021, false, false, 'เลิกทำตลาดปี 2021');
insert into model_generations (generation_id, model_id, generation_code, year_start, year_start_approx, year_end, year_end_approx, is_current, note) overriding system value values (95, 63, 'รุ่นเดียว (ไม่มีการแยกเจนเนอเรชันเพิ่มเติม)', 2014, false, 2019, false, false, '');
insert into model_generations (generation_id, model_id, generation_code, year_start, year_start_approx, year_end, year_end_approx, is_current, note) overriding system value values (96, 64, 'รุ่นเดียว (ไม่มีการแยกเจนเนอเรชันเพิ่มเติม)', 2001, false, 2008, false, false, '');
insert into model_generations (generation_id, model_id, generation_code, year_start, year_start_approx, year_end, year_end_approx, is_current, note) overriding system value values (97, 65, 'รุ่นเดียว (ไม่มีการแยกเจนเนอเรชันเพิ่มเติม)', 1996, false, 2001, false, false, '');
insert into model_generations (generation_id, model_id, generation_code, year_start, year_start_approx, year_end, year_end_approx, is_current, note) overriding system value values (98, 66, 'รุ่นเดียว (ไม่มีการแยกเจนเนอเรชันเพิ่มเติม)', 1999, false, 2009, false, false, '');
insert into model_generations (generation_id, model_id, generation_code, year_start, year_start_approx, year_end, year_end_approx, is_current, note) overriding system value values (99, 67, 'รุ่นเดียว (ไม่มีการแยกเจนเนอเรชันเพิ่มเติม)', 1996, false, null, false, true, 'รถตู้ JDM ยอดนิยม');
insert into model_generations (generation_id, model_id, generation_code, year_start, year_start_approx, year_end, year_end_approx, is_current, note) overriding system value values (100, 68, 'รุ่นเดียว (ไม่มีการแยกเจนเนอเรชันเพิ่มเติม)', 2001, false, 2006, false, false, '');
insert into model_generations (generation_id, model_id, generation_code, year_start, year_start_approx, year_end, year_end_approx, is_current, note) overriding system value values (101, 69, 'รุ่นเดียว (ไม่มีการแยกเจนเนอเรชันเพิ่มเติม)', 2022, false, null, false, true, '');
insert into model_generations (generation_id, model_id, generation_code, year_start, year_start_approx, year_end, year_end_approx, is_current, note) overriding system value values (102, 70, 'รุ่นเดียว (ไม่มีการแยกเจนเนอเรชันเพิ่มเติม)', 2024, false, null, false, true, '');
insert into model_generations (generation_id, model_id, generation_code, year_start, year_start_approx, year_end, year_end_approx, is_current, note) overriding system value values (103, 71, 'รุ่นเดียว (ไม่มีการแยกเจนเนอเรชันเพิ่มเติม)', 1996, false, 2015, false, false, '');
insert into model_generations (generation_id, model_id, generation_code, year_start, year_start_approx, year_end, year_end_approx, is_current, note) overriding system value values (104, 72, 'รุ่นเดียว (ไม่มีการแยกเจนเนอเรชันเพิ่มเติม)', 2024, false, null, false, true, '');
insert into model_generations (generation_id, model_id, generation_code, year_start, year_start_approx, year_end, year_end_approx, is_current, note) overriding system value values (105, 73, 'รุ่นเดียว (ไม่มีการแยกเจนเนอเรชันเพิ่มเติม)', 1996, false, 2020, false, false, '');
insert into model_generations (generation_id, model_id, generation_code, year_start, year_start_approx, year_end, year_end_approx, is_current, note) overriding system value values (106, 74, 'รุ่นเดียว (ไม่มีการแยกเจนเนอเรชันเพิ่มเติม)', 1996, false, null, false, true, '');
insert into model_generations (generation_id, model_id, generation_code, year_start, year_start_approx, year_end, year_end_approx, is_current, note) overriding system value values (107, 75, 'รุ่นเดียว (ไม่มีการแยกเจนเนอเรชันเพิ่มเติม)', 2022, false, null, false, true, '');
insert into model_generations (generation_id, model_id, generation_code, year_start, year_start_approx, year_end, year_end_approx, is_current, note) overriding system value values (108, 76, 'รุ่นเดียว (ไม่มีการแยกเจนเนอเรชันเพิ่มเติม)', 2023, false, null, false, true, '');
insert into model_generations (generation_id, model_id, generation_code, year_start, year_start_approx, year_end, year_end_approx, is_current, note) overriding system value values (109, 77, 'รุ่นเดียว (ไม่มีการแยกเจนเนอเรชันเพิ่มเติม)', 2021, false, null, false, true, '');
insert into model_generations (generation_id, model_id, generation_code, year_start, year_start_approx, year_end, year_end_approx, is_current, note) overriding system value values (110, 78, 'รุ่นเดียว (ไม่มีการแยกเจนเนอเรชันเพิ่มเติม)', 2005, false, null, false, true, '');
insert into model_generations (generation_id, model_id, generation_code, year_start, year_start_approx, year_end, year_end_approx, is_current, note) overriding system value values (111, 79, 'รุ่นเดียว (ไม่มีการแยกเจนเนอเรชันเพิ่มเติม)', 2025, false, null, false, true, '');
insert into model_generations (generation_id, model_id, generation_code, year_start, year_start_approx, year_end, year_end_approx, is_current, note) overriding system value values (112, 80, 'รุ่นเดียว (ไม่มีการแยกเจนเนอเรชันเพิ่มเติม)', 2025, false, null, false, true, '');
insert into model_generations (generation_id, model_id, generation_code, year_start, year_start_approx, year_end, year_end_approx, is_current, note) overriding system value values (113, 81, 'Gen 1', 2002, false, 2011, false, false, '');
insert into model_generations (generation_id, model_id, generation_code, year_start, year_start_approx, year_end, year_end_approx, is_current, note) overriding system value values (114, 81, 'Gen 2', 2011, false, 2019, false, false, '');
insert into model_generations (generation_id, model_id, generation_code, year_start, year_start_approx, year_end, year_end_approx, is_current, note) overriding system value values (115, 81, 'Gen 3', 2019, false, null, false, true, '');
insert into model_generations (generation_id, model_id, generation_code, year_start, year_start_approx, year_end, year_end_approx, is_current, note) overriding system value values (116, 81, 'Spark BEV', 2025, false, null, false, true, '');
insert into model_generations (generation_id, model_id, generation_code, year_start, year_start_approx, year_end, year_end_approx, is_current, note) overriding system value values (117, 82, 'รุ่นเดียว (ไม่มีการแยกเจนเนอเรชันเพิ่มเติม)', 1996, false, 2002, false, false, '');
insert into model_generations (generation_id, model_id, generation_code, year_start, year_start_approx, year_end, year_end_approx, is_current, note) overriding system value values (118, 83, 'รุ่นเดียว (ไม่มีการแยกเจนเนอเรชันเพิ่มเติม)', 2004, false, 2013, false, false, '');
insert into model_generations (generation_id, model_id, generation_code, year_start, year_start_approx, year_end, year_end_approx, is_current, note) overriding system value values (119, 84, 'เจนเนอเรชัน 1', 2013, false, 2020, false, false, '');
insert into model_generations (generation_id, model_id, generation_code, year_start, year_start_approx, year_end, year_end_approx, is_current, note) overriding system value values (120, 84, 'เจนเนอเรชัน 2', 2020, false, null, false, true, '');
insert into model_generations (generation_id, model_id, generation_code, year_start, year_start_approx, year_end, year_end_approx, is_current, note) overriding system value values (121, 85, 'รุ่นเดียว (ไม่มีการแยกเจนเนอเรชันเพิ่มเติม)', 2023, false, null, false, true, '');
insert into model_generations (generation_id, model_id, generation_code, year_start, year_start_approx, year_end, year_end_approx, is_current, note) overriding system value values (122, 86, 'รุ่นเดียว (ไม่มีการแยกเจนเนอเรชันเพิ่มเติม)', 1996, false, 2001, false, false, 'เจนเนอเรชัน XJ/KJ นำเข้าจำนวนน้อย เลิกนำเข้าต้นยุค 2000s');
insert into model_generations (generation_id, model_id, generation_code, year_start, year_start_approx, year_end, year_end_approx, is_current, note) overriding system value values (123, 87, 'รุ่นเดียว (ไม่มีการแยกเจนเนอเรชันเพิ่มเติม)', 1996, false, null, false, true, 'นำเข้า');
insert into model_generations (generation_id, model_id, generation_code, year_start, year_start_approx, year_end, year_end_approx, is_current, note) overriding system value values (124, 88, 'รุ่นเดียว (ไม่มีการแยกเจนเนอเรชันเพิ่มเติม)', 2018, false, null, false, true, '');
insert into model_generations (generation_id, model_id, generation_code, year_start, year_start_approx, year_end, year_end_approx, is_current, note) overriding system value values (125, 89, 'รุ่นเดียว (ไม่มีการแยกเจนเนอเรชันเพิ่มเติม)', 1996, false, null, false, true, '');
insert into model_generations (generation_id, model_id, generation_code, year_start, year_start_approx, year_end, year_end_approx, is_current, note) overriding system value values (126, 90, 'รุ่นเดียว (ไม่มีการแยกเจนเนอเรชันเพิ่มเติม)', 1996, false, null, false, true, '');
insert into model_generations (generation_id, model_id, generation_code, year_start, year_start_approx, year_end, year_end_approx, is_current, note) overriding system value values (127, 91, 'รุ่นเดียว (ไม่มีการแยกเจนเนอเรชันเพิ่มเติม)', 2006, false, 2020, false, false, '');
insert into model_generations (generation_id, model_id, generation_code, year_start, year_start_approx, year_end, year_end_approx, is_current, note) overriding system value values (128, 92, 'รุ่นเดียว (ไม่มีการแยกเจนเนอเรชันเพิ่มเติม)', 2022, false, null, false, true, '');
insert into model_generations (generation_id, model_id, generation_code, year_start, year_start_approx, year_end, year_end_approx, is_current, note) overriding system value values (129, 93, 'รุ่นเดียว (ไม่มีการแยกเจนเนอเรชันเพิ่มเติม)', 2024, false, null, false, true, '');
insert into model_generations (generation_id, model_id, generation_code, year_start, year_start_approx, year_end, year_end_approx, is_current, note) overriding system value values (130, 94, 'รุ่นเดียว (ไม่มีการแยกเจนเนอเรชันเพิ่มเติม)', 2015, false, 2020, false, false, '');
insert into model_generations (generation_id, model_id, generation_code, year_start, year_start_approx, year_end, year_end_approx, is_current, note) overriding system value values (131, 95, 'รุ่นเดียว (ไม่มีการแยกเจนเนอเรชันเพิ่มเติม)', 2020, false, null, false, true, '');
insert into model_generations (generation_id, model_id, generation_code, year_start, year_start_approx, year_end, year_end_approx, is_current, note) overriding system value values (132, 96, 'รุ่นเดียว (ไม่มีการแยกเจนเนอเรชันเพิ่มเติม)', 2005, false, null, false, true, '');
insert into model_generations (generation_id, model_id, generation_code, year_start, year_start_approx, year_end, year_end_approx, is_current, note) overriding system value values (133, 97, 'รุ่นเดียว (ไม่มีการแยกเจนเนอเรชันเพิ่มเติม)', 1996, false, null, false, true, '');
insert into model_generations (generation_id, model_id, generation_code, year_start, year_start_approx, year_end, year_end_approx, is_current, note) overriding system value values (134, 98, 'นำเข้า (1998-ปัจจุบัน)', 1998, false, null, false, true, 'นำเข้า');
insert into model_generations (generation_id, model_id, generation_code, year_start, year_start_approx, year_end, year_end_approx, is_current, note) overriding system value values (135, 99, 'นำเข้า (2015-ปัจจุบัน)', 2015, false, null, false, true, 'นำเข้า');
insert into model_generations (generation_id, model_id, generation_code, year_start, year_start_approx, year_end, year_end_approx, is_current, note) overriding system value values (136, 100, 'รุ่นเดียว (ไม่มีการแยกเจนเนอเรชันเพิ่มเติม)', 1996, false, null, false, true, '');
insert into model_generations (generation_id, model_id, generation_code, year_start, year_start_approx, year_end, year_end_approx, is_current, note) overriding system value values (137, 101, 'รุ่นเดียว (ไม่มีการแยกเจนเนอเรชันเพิ่มเติม)', 2011, false, null, false, true, '');
insert into model_generations (generation_id, model_id, generation_code, year_start, year_start_approx, year_end, year_end_approx, is_current, note) overriding system value values (138, 102, 'รุ่นเดียว (ไม่มีการแยกเจนเนอเรชันเพิ่มเติม)', 2005, false, null, false, true, '');
insert into model_generations (generation_id, model_id, generation_code, year_start, year_start_approx, year_end, year_end_approx, is_current, note) overriding system value values (139, 103, 'รุ่นเดียว (ไม่มีการแยกเจนเนอเรชันเพิ่มเติม)', 2017, false, null, false, true, '');
insert into model_generations (generation_id, model_id, generation_code, year_start, year_start_approx, year_end, year_end_approx, is_current, note) overriding system value values (140, 104, 'รุ่นเดียว (ไม่มีการแยกเจนเนอเรชันเพิ่มเติม)', 2013, false, null, false, true, '');
insert into model_generations (generation_id, model_id, generation_code, year_start, year_start_approx, year_end, year_end_approx, is_current, note) overriding system value values (141, 105, 'รุ่นเดียว (ไม่มีการแยกเจนเนอเรชันเพิ่มเติม)', 2013, false, null, false, true, '');
insert into model_generations (generation_id, model_id, generation_code, year_start, year_start_approx, year_end, year_end_approx, is_current, note) overriding system value values (142, 106, 'รุ่นเดียว (ไม่มีการแยกเจนเนอเรชันเพิ่มเติม)', 2013, false, null, false, true, '');
insert into model_generations (generation_id, model_id, generation_code, year_start, year_start_approx, year_end, year_end_approx, is_current, note) overriding system value values (143, 107, 'รุ่นเดียว (ไม่มีการแยกเจนเนอเรชันเพิ่มเติม)', 2014, false, null, false, true, '');
insert into model_generations (generation_id, model_id, generation_code, year_start, year_start_approx, year_end, year_end_approx, is_current, note) overriding system value values (144, 108, 'รุ่นเดียว (ไม่มีการแยกเจนเนอเรชันเพิ่มเติม)', 2013, false, null, false, true, '');
insert into model_generations (generation_id, model_id, generation_code, year_start, year_start_approx, year_end, year_end_approx, is_current, note) overriding system value values (145, 109, 'รุ่นเดียว (ไม่มีการแยกเจนเนอเรชันเพิ่มเติม)', 2019, false, null, false, true, '');
insert into model_generations (generation_id, model_id, generation_code, year_start, year_start_approx, year_end, year_end_approx, is_current, note) overriding system value values (146, 110, 'รุ่นเดียว (ไม่มีการแยกเจนเนอเรชันเพิ่มเติม)', 2023, false, null, false, true, '');
insert into model_generations (generation_id, model_id, generation_code, year_start, year_start_approx, year_end, year_end_approx, is_current, note) overriding system value values (147, 111, 'รุ่นเดียว (ไม่มีการแยกเจนเนอเรชันเพิ่มเติม)', 2024, false, null, false, true, '');
insert into model_generations (generation_id, model_id, generation_code, year_start, year_start_approx, year_end, year_end_approx, is_current, note) overriding system value values (148, 112, 'รุ่นเดียว (ไม่มีการแยกเจนเนอเรชันเพิ่มเติม)', 2020, false, null, false, true, '');
insert into model_generations (generation_id, model_id, generation_code, year_start, year_start_approx, year_end, year_end_approx, is_current, note) overriding system value values (149, 113, 'รุ่นเดียว (ไม่มีการแยกเจนเนอเรชันเพิ่มเติม)', 2025, false, null, false, true, '');
insert into model_generations (generation_id, model_id, generation_code, year_start, year_start_approx, year_end, year_end_approx, is_current, note) overriding system value values (150, 114, 'รุ่นเดียว (ไม่มีการแยกเจนเนอเรชันเพิ่มเติม)', 2019, false, null, false, true, '');
insert into model_generations (generation_id, model_id, generation_code, year_start, year_start_approx, year_end, year_end_approx, is_current, note) overriding system value values (151, 115, 'รุ่นเดียว (ไม่มีการแยกเจนเนอเรชันเพิ่มเติม)', 2019, false, null, false, true, '');
insert into model_generations (generation_id, model_id, generation_code, year_start, year_start_approx, year_end, year_end_approx, is_current, note) overriding system value values (152, 116, 'รุ่นหลัก (2015-2023)', 2015, false, 2023, false, false, '');
insert into model_generations (generation_id, model_id, generation_code, year_start, year_start_approx, year_end, year_end_approx, is_current, note) overriding system value values (153, 116, 'Hybrid+ (เจนเนอเรชันใหม่)', 2024, false, null, false, true, '');
insert into model_generations (generation_id, model_id, generation_code, year_start, year_start_approx, year_end, year_end_approx, is_current, note) overriding system value values (154, 117, 'รุ่นเดียว (ไม่มีการแยกเจนเนอเรชันเพิ่มเติม)', 2015, false, null, false, true, '');
insert into model_generations (generation_id, model_id, generation_code, year_start, year_start_approx, year_end, year_end_approx, is_current, note) overriding system value values (155, 118, 'รุ่นเดียว (ไม่มีการแยกเจนเนอเรชันเพิ่มเติม)', 2014, false, 2018, false, false, '');
insert into model_generations (generation_id, model_id, generation_code, year_start, year_start_approx, year_end, year_end_approx, is_current, note) overriding system value values (156, 119, 'รุ่นเดียว (ไม่มีการแยกเจนเนอเรชันเพิ่มเติม)', 2023, false, null, false, true, '');
insert into model_generations (generation_id, model_id, generation_code, year_start, year_start_approx, year_end, year_end_approx, is_current, note) overriding system value values (157, 120, 'รุ่นเดียว (ไม่มีการแยกเจนเนอเรชันเพิ่มเติม)', 2023, false, null, false, true, '');
insert into model_generations (generation_id, model_id, generation_code, year_start, year_start_approx, year_end, year_end_approx, is_current, note) overriding system value values (158, 121, 'รุ่นเดียว (ไม่มีการแยกเจนเนอเรชันเพิ่มเติม)', 2022, false, null, false, true, '');
insert into model_generations (generation_id, model_id, generation_code, year_start, year_start_approx, year_end, year_end_approx, is_current, note) overriding system value values (159, 122, 'รุ่นหลัก (2017-2023)', 2017, false, 2023, false, false, '');
insert into model_generations (generation_id, model_id, generation_code, year_start, year_start_approx, year_end, year_end_approx, is_current, note) overriding system value values (160, 122, 'เจนเนอเรชันใหม่', 2024, false, null, false, true, '');
insert into model_generations (generation_id, model_id, generation_code, year_start, year_start_approx, year_end, year_end_approx, is_current, note) overriding system value values (161, 122, 'EV', 2019, false, null, false, true, '');
insert into model_generations (generation_id, model_id, generation_code, year_start, year_start_approx, year_end, year_end_approx, is_current, note) overriding system value values (162, 123, 'รุ่นเดียว (ไม่มีการแยกเจนเนอเรชันเพิ่มเติม)', 2005, false, null, false, true, '');
insert into model_generations (generation_id, model_id, generation_code, year_start, year_start_approx, year_end, year_end_approx, is_current, note) overriding system value values (163, 124, 'รุ่นเดียว (ไม่มีการแยกเจนเนอเรชันเพิ่มเติม)', 2011, false, null, false, true, '');
insert into model_generations (generation_id, model_id, generation_code, year_start, year_start_approx, year_end, year_end_approx, is_current, note) overriding system value values (164, 125, 'รุ่นเดียว (ไม่มีการแยกเจนเนอเรชันเพิ่มเติม)', 1996, false, 1998, false, false, '');
insert into model_generations (generation_id, model_id, generation_code, year_start, year_start_approx, year_end, year_end_approx, is_current, note) overriding system value values (165, 126, 'รุ่นเดียว (ไม่มีการแยกเจนเนอเรชันเพิ่มเติม)', 1996, false, 2002, false, false, '');
insert into model_generations (generation_id, model_id, generation_code, year_start, year_start_approx, year_end, year_end_approx, is_current, note) overriding system value values (166, 127, 'รุ่นเดียว (ไม่มีการแยกเจนเนอเรชันเพิ่มเติม)', 1998, false, 2006, false, false, '');
insert into model_generations (generation_id, model_id, generation_code, year_start, year_start_approx, year_end, year_end_approx, is_current, note) overriding system value values (167, 128, 'เจนเนอเรชัน 1', 2006, false, 2011, false, false, '');
insert into model_generations (generation_id, model_id, generation_code, year_start, year_start_approx, year_end, year_end_approx, is_current, note) overriding system value values (168, 128, 'เจนเนอเรชัน 2', 2011, false, 2020, false, false, '');
insert into model_generations (generation_id, model_id, generation_code, year_start, year_start_approx, year_end, year_end_approx, is_current, note) overriding system value values (169, 128, 'เจนเนอเรชัน 3, ฐาน Isuzu D-Max', 2021, false, null, false, true, '');
insert into model_generations (generation_id, model_id, generation_code, year_start, year_start_approx, year_end, year_end_approx, is_current, note) overriding system value values (170, 129, 'รุ่นเดียว (ไม่มีการแยกเจนเนอเรชันเพิ่มเติม)', 2015, false, null, false, true, '');
insert into model_generations (generation_id, model_id, generation_code, year_start, year_start_approx, year_end, year_end_approx, is_current, note) overriding system value values (171, 130, 'รุ่นเดียว (ไม่มีการแยกเจนเนอเรชันเพิ่มเติม)', 2019, false, null, false, true, '');
insert into model_generations (generation_id, model_id, generation_code, year_start, year_start_approx, year_end, year_end_approx, is_current, note) overriding system value values (172, 131, 'เจนเนอเรชัน 1', 2012, false, 2017, false, false, '');
insert into model_generations (generation_id, model_id, generation_code, year_start, year_start_approx, year_end, year_end_approx, is_current, note) overriding system value values (173, 131, 'เจนเนอเรชัน 2', 2017, false, null, false, true, 'ปรับโฉมหลายครั้ง');
insert into model_generations (generation_id, model_id, generation_code, year_start, year_start_approx, year_end, year_end_approx, is_current, note) overriding system value values (174, 132, 'รุ่นเดียว (ไม่มีการแยกเจนเนอเรชันเพิ่มเติม)', 2018, false, null, false, true, '');
insert into model_generations (generation_id, model_id, generation_code, year_start, year_start_approx, year_end, year_end_approx, is_current, note) overriding system value values (175, 133, 'รุ่นเดียว (ไม่มีการแยกเจนเนอเรชันเพิ่มเติม)', 2016, false, 2023, false, false, '');
insert into model_generations (generation_id, model_id, generation_code, year_start, year_start_approx, year_end, year_end_approx, is_current, note) overriding system value values (176, 134, 'รุ่นเดียว (ไม่มีการแยกเจนเนอเรชันเพิ่มเติม)', 2016, false, null, false, true, '');
insert into model_generations (generation_id, model_id, generation_code, year_start, year_start_approx, year_end, year_end_approx, is_current, note) overriding system value values (177, 135, 'DE', 2009, false, 2014, false, false, '');
insert into model_generations (generation_id, model_id, generation_code, year_start, year_start_approx, year_end, year_end_approx, is_current, note) overriding system value values (178, 135, 'DJ', 2014, false, null, false, true, 'ปรับโฉมปี 2019');
insert into model_generations (generation_id, model_id, generation_code, year_start, year_start_approx, year_end, year_end_approx, is_current, note) overriding system value values (179, 136, 'BK', 2004, false, 2009, false, false, '');
insert into model_generations (generation_id, model_id, generation_code, year_start, year_start_approx, year_end, year_end_approx, is_current, note) overriding system value values (180, 136, 'BL', 2009, false, 2014, false, false, '');
insert into model_generations (generation_id, model_id, generation_code, year_start, year_start_approx, year_end, year_end_approx, is_current, note) overriding system value values (181, 136, 'BM/BN', 2014, false, 2019, false, false, '');
insert into model_generations (generation_id, model_id, generation_code, year_start, year_start_approx, year_end, year_end_approx, is_current, note) overriding system value values (182, 136, 'BP', 2019, false, null, false, true, '');
insert into model_generations (generation_id, model_id, generation_code, year_start, year_start_approx, year_end, year_end_approx, is_current, note) overriding system value values (183, 137, 'GG', 2002, false, 2007, false, false, 'นำเข้าเป็นช่วงๆ');
insert into model_generations (generation_id, model_id, generation_code, year_start, year_start_approx, year_end, year_end_approx, is_current, note) overriding system value values (184, 137, 'GH', 2007, false, 2012, false, false, 'นำเข้าเป็นช่วงๆ');
insert into model_generations (generation_id, model_id, generation_code, year_start, year_start_approx, year_end, year_end_approx, is_current, note) overriding system value values (185, 137, 'GJ', 2012, false, null, false, true, 'นำเข้าเป็นช่วงๆ');
insert into model_generations (generation_id, model_id, generation_code, year_start, year_start_approx, year_end, year_end_approx, is_current, note) overriding system value values (186, 138, 'รุ่นเดียว (ไม่มีการแยกเจนเนอเรชันเพิ่มเติม)', 1998, false, 2002, false, false, '');
insert into model_generations (generation_id, model_id, generation_code, year_start, year_start_approx, year_end, year_end_approx, is_current, note) overriding system value values (187, 139, 'รุ่นเดียว (ไม่มีการแยกเจนเนอเรชันเพิ่มเติม)', 2013, false, null, false, true, '');
insert into model_generations (generation_id, model_id, generation_code, year_start, year_start_approx, year_end, year_end_approx, is_current, note) overriding system value values (188, 140, 'รุ่นเดียว (ไม่มีการแยกเจนเนอเรชันเพิ่มเติม)', 2012, false, 2020, false, false, '');
insert into model_generations (generation_id, model_id, generation_code, year_start, year_start_approx, year_end, year_end_approx, is_current, note) overriding system value values (189, 141, 'รุ่นเดียว (ไม่มีการแยกเจนเนอเรชันเพิ่มเติม)', 1996, false, null, false, true, '');
insert into model_generations (generation_id, model_id, generation_code, year_start, year_start_approx, year_end, year_end_approx, is_current, note) overriding system value values (190, 142, 'รุ่นเดียว (ไม่มีการแยกเจนเนอเรชันเพิ่มเติม)', 2014, false, null, false, true, '');
insert into model_generations (generation_id, model_id, generation_code, year_start, year_start_approx, year_end, year_end_approx, is_current, note) overriding system value values (191, 143, 'รุ่นเดียว (ไม่มีการแยกเจนเนอเรชันเพิ่มเติม)', 2005, false, null, false, true, '');
insert into model_generations (generation_id, model_id, generation_code, year_start, year_start_approx, year_end, year_end_approx, is_current, note) overriding system value values (192, 144, 'รุ่นเดียว (ไม่มีการแยกเจนเนอเรชันเพิ่มเติม)', 1996, false, null, false, true, '');
insert into model_generations (generation_id, model_id, generation_code, year_start, year_start_approx, year_end, year_end_approx, is_current, note) overriding system value values (193, 145, 'รุ่นเดียว (ไม่มีการแยกเจนเนอเรชันเพิ่มเติม)', 2021, false, null, false, true, '');
insert into model_generations (generation_id, model_id, generation_code, year_start, year_start_approx, year_end, year_end_approx, is_current, note) overriding system value values (194, 146, 'รุ่นเดียว (ไม่มีการแยกเจนเนอเรชันเพิ่มเติม)', 2022, false, null, false, true, '');
insert into model_generations (generation_id, model_id, generation_code, year_start, year_start_approx, year_end, year_end_approx, is_current, note) overriding system value values (195, 147, 'รุ่นเดียว (ไม่มีการแยกเจนเนอเรชันเพิ่มเติม)', 2022, false, null, false, true, '');
insert into model_generations (generation_id, model_id, generation_code, year_start, year_start_approx, year_end, year_end_approx, is_current, note) overriding system value values (196, 148, 'รุ่นเดียว (ไม่มีการแยกเจนเนอเรชันเพิ่มเติม)', 2021, false, null, false, true, '');
insert into model_generations (generation_id, model_id, generation_code, year_start, year_start_approx, year_end, year_end_approx, is_current, note) overriding system value values (197, 149, 'รุ่นเดียว (ไม่มีการแยกเจนเนอเรชันเพิ่มเติม)', 1996, false, null, false, true, '');
insert into model_generations (generation_id, model_id, generation_code, year_start, year_start_approx, year_end, year_end_approx, is_current, note) overriding system value values (198, 150, 'รุ่นเดียว (ไม่มีการแยกเจนเนอเรชันเพิ่มเติม)', 2015, false, null, false, true, '');
insert into model_generations (generation_id, model_id, generation_code, year_start, year_start_approx, year_end, year_end_approx, is_current, note) overriding system value values (199, 151, 'รุ่นเดียว (ไม่มีการแยกเจนเนอเรชันเพิ่มเติม)', 2016, false, null, false, true, '');
insert into model_generations (generation_id, model_id, generation_code, year_start, year_start_approx, year_end, year_end_approx, is_current, note) overriding system value values (200, 152, 'รุ่นเดียว (ไม่มีการแยกเจนเนอเรชันเพิ่มเติม)', 2008, false, null, false, true, '');
insert into model_generations (generation_id, model_id, generation_code, year_start, year_start_approx, year_end, year_end_approx, is_current, note) overriding system value values (201, 153, 'รุ่นเดียว (ไม่มีการแยกเจนเนอเรชันเพิ่มเติม)', 1996, false, null, false, true, '');
insert into model_generations (generation_id, model_id, generation_code, year_start, year_start_approx, year_end, year_end_approx, is_current, note) overriding system value values (202, 154, 'รุ่นเดียว (ไม่มีการแยกเจนเนอเรชันเพิ่มเติม)', 2013, false, null, false, true, '');
insert into model_generations (generation_id, model_id, generation_code, year_start, year_start_approx, year_end, year_end_approx, is_current, note) overriding system value values (203, 155, 'รุ่นเดียว (ไม่มีการแยกเจนเนอเรชันเพิ่มเติม)', 2007, false, null, false, true, '');
insert into model_generations (generation_id, model_id, generation_code, year_start, year_start_approx, year_end, year_end_approx, is_current, note) overriding system value values (204, 156, 'รุ่นเดียว (ไม่มีการแยกเจนเนอเรชันเพิ่มเติม)', 1996, false, 2005, false, false, '');
insert into model_generations (generation_id, model_id, generation_code, year_start, year_start_approx, year_end, year_end_approx, is_current, note) overriding system value values (205, 157, 'GLXi', 1996, false, 2000, false, false, '');
insert into model_generations (generation_id, model_id, generation_code, year_start, year_start_approx, year_end, year_end_approx, is_current, note) overriding system value values (206, 157, 'Champ', 1996, false, 2003, false, false, 'รุ่นประหยัดขายคู่ขนานกับ GLXi/Cedia');
insert into model_generations (generation_id, model_id, generation_code, year_start, year_start_approx, year_end, year_end_approx, is_current, note) overriding system value values (207, 157, 'Cedia', 2002, false, 2008, false, false, '');
insert into model_generations (generation_id, model_id, generation_code, year_start, year_start_approx, year_end, year_end_approx, is_current, note) overriding system value values (208, 157, 'EX', 2009, false, 2014, false, false, '');
insert into model_generations (generation_id, model_id, generation_code, year_start, year_start_approx, year_end, year_end_approx, is_current, note) overriding system value values (209, 158, 'รุ่นเดียว (ไม่มีการแยกเจนเนอเรชันเพิ่มเติม)', 2012, false, null, false, true, '');
insert into model_generations (generation_id, model_id, generation_code, year_start, year_start_approx, year_end, year_end_approx, is_current, note) overriding system value values (210, 159, 'รุ่นเดียว (ไม่มีการแยกเจนเนอเรชันเพิ่มเติม)', 2003, false, 2018, false, false, '');
insert into model_generations (generation_id, model_id, generation_code, year_start, year_start_approx, year_end, year_end_approx, is_current, note) overriding system value values (211, 160, 'รุ่นเดียว (ไม่มีการแยกเจนเนอเรชันเพิ่มเติม)', 2020, false, 2024, false, false, '');
insert into model_generations (generation_id, model_id, generation_code, year_start, year_start_approx, year_end, year_end_approx, is_current, note) overriding system value values (212, 161, 'รุ่นเดียว (ไม่มีการแยกเจนเนอเรชันเพิ่มเติม)', 1996, false, 2006, false, false, '');
insert into model_generations (generation_id, model_id, generation_code, year_start, year_start_approx, year_end, year_end_approx, is_current, note) overriding system value values (213, 162, 'เจนเนอเรชัน 1', 2008, false, 2015, false, false, '');
insert into model_generations (generation_id, model_id, generation_code, year_start, year_start_approx, year_end, year_end_approx, is_current, note) overriding system value values (214, 162, 'เจนเนอเรชัน 2', 2015, false, null, false, true, 'ปรับโฉมปี 2019, 2022');
insert into model_generations (generation_id, model_id, generation_code, year_start, year_start_approx, year_end, year_end_approx, is_current, note) overriding system value values (215, 163, 'รุ่นเดียว (ไม่มีการแยกเจนเนอเรชันเพิ่มเติม)', 2003, false, 2011, false, false, '');
insert into model_generations (generation_id, model_id, generation_code, year_start, year_start_approx, year_end, year_end_approx, is_current, note) overriding system value values (216, 164, 'รุ่นหลัก (1996-1998)', 1996, false, 1998, false, false, '');
insert into model_generations (generation_id, model_id, generation_code, year_start, year_start_approx, year_end, year_end_approx, is_current, note) overriding system value values (217, 164, 'G-Wagon', 1998, false, 2005, false, false, '');
insert into model_generations (generation_id, model_id, generation_code, year_start, year_start_approx, year_end, year_end_approx, is_current, note) overriding system value values (218, 165, 'เจนเนอเรชัน 2', 2005, false, 2014, false, false, '');
insert into model_generations (generation_id, model_id, generation_code, year_start, year_start_approx, year_end, year_end_approx, is_current, note) overriding system value values (219, 165, 'เจนเนอเรชัน 3', 2015, false, 2018, false, false, '');
insert into model_generations (generation_id, model_id, generation_code, year_start, year_start_approx, year_end, year_end_approx, is_current, note) overriding system value values (220, 165, 'เจนเนอเรชัน 4', 2019, false, 2023, false, false, '');
insert into model_generations (generation_id, model_id, generation_code, year_start, year_start_approx, year_end, year_end_approx, is_current, note) overriding system value values (221, 165, 'เจนเนอเรชันใหม่', 2024, false, null, false, true, '');
insert into model_generations (generation_id, model_id, generation_code, year_start, year_start_approx, year_end, year_end_approx, is_current, note) overriding system value values (222, 166, 'รุ่นเดียว (ไม่มีการแยกเจนเนอเรชันเพิ่มเติม)', 2025, false, null, false, true, '');
insert into model_generations (generation_id, model_id, generation_code, year_start, year_start_approx, year_end, year_end_approx, is_current, note) overriding system value values (223, 167, 'รุ่นเดียว (ไม่มีการแยกเจนเนอเรชันเพิ่มเติม)', 2018, false, null, false, true, '');
insert into model_generations (generation_id, model_id, generation_code, year_start, year_start_approx, year_end, year_end_approx, is_current, note) overriding system value values (224, 168, 'รุ่นเดียว (ไม่มีการแยกเจนเนอเรชันเพิ่มเติม)', 2022, false, null, false, true, '');
insert into model_generations (generation_id, model_id, generation_code, year_start, year_start_approx, year_end, year_end_approx, is_current, note) overriding system value values (225, 169, 'รุ่นเดียว (ไม่มีการแยกเจนเนอเรชันเพิ่มเติม)', 2023, false, null, false, true, '');
insert into model_generations (generation_id, model_id, generation_code, year_start, year_start_approx, year_end, year_end_approx, is_current, note) overriding system value values (226, 170, 'N16', 2000, false, 2003, false, false, 'ก่อนเปลี่ยนชื่อเป็น Sunny Neo ปี 2003 (N15 ขายในไทยภายใต้ชื่อ Sunny แยกต่างหาก)');
insert into model_generations (generation_id, model_id, generation_code, year_start, year_start_approx, year_end, year_end_approx, is_current, note) overriding system value values (227, 170, 'N17 อีโคคาร์', 2011, false, 2019, false, false, '');
insert into model_generations (generation_id, model_id, generation_code, year_start, year_start_approx, year_end, year_end_approx, is_current, note) overriding system value values (228, 170, 'N18 เทอร์โบ', 2019, false, null, false, true, '');
insert into model_generations (generation_id, model_id, generation_code, year_start, year_start_approx, year_end, year_end_approx, is_current, note) overriding system value values (229, 171, 'รุ่นเดียว (ไม่มีการแยกเจนเนอเรชันเพิ่มเติม)', 1996, false, 2003, false, false, '');
insert into model_generations (generation_id, model_id, generation_code, year_start, year_start_approx, year_end, year_end_approx, is_current, note) overriding system value values (230, 172, 'รุ่นเดียว (ไม่มีการแยกเจนเนอเรชันเพิ่มเติม)', 1997, false, null, false, true, '');
insert into model_generations (generation_id, model_id, generation_code, year_start, year_start_approx, year_end, year_end_approx, is_current, note) overriding system value values (231, 173, 'รุ่นเดียว (ไม่มีการแยกเจนเนอเรชันเพิ่มเติม)', 2004, false, 2019, false, false, '');
insert into model_generations (generation_id, model_id, generation_code, year_start, year_start_approx, year_end, year_end_approx, is_current, note) overriding system value values (232, 174, 'รุ่นหลัก (2010-ปัจจุบัน)', 2010, false, null, false, true, '');
insert into model_generations (generation_id, model_id, generation_code, year_start, year_start_approx, year_end, year_end_approx, is_current, note) overriding system value values (233, 175, 'รุ่นเดียว (ไม่มีการแยกเจนเนอเรชันเพิ่มเติม)', 2011, false, 2019, false, false, '');
insert into model_generations (generation_id, model_id, generation_code, year_start, year_start_approx, year_end, year_end_approx, is_current, note) overriding system value values (234, 176, 'รุ่นเดียว (ไม่มีการแยกเจนเนอเรชันเพิ่มเติม)', 2020, false, null, false, true, '');
insert into model_generations (generation_id, model_id, generation_code, year_start, year_start_approx, year_end, year_end_approx, is_current, note) overriding system value values (235, 177, 'รุ่นเดียว (ไม่มีการแยกเจนเนอเรชันเพิ่มเติม)', 2019, false, null, false, true, '');
insert into model_generations (generation_id, model_id, generation_code, year_start, year_start_approx, year_end, year_end_approx, is_current, note) overriding system value values (236, 178, 'รุ่นเดียว (ไม่มีการแยกเจนเนอเรชันเพิ่มเติม)', 2010, false, 2019, false, false, '');
insert into model_generations (generation_id, model_id, generation_code, year_start, year_start_approx, year_end, year_end_approx, is_current, note) overriding system value values (237, 179, 'รุ่นเดียว (ไม่มีการแยกเจนเนอเรชันเพิ่มเติม)', 1997, false, 2010, false, false, '');
insert into model_generations (generation_id, model_id, generation_code, year_start, year_start_approx, year_end, year_end_approx, is_current, note) overriding system value values (238, 180, 'รุ่นเดียว (ไม่มีการแยกเจนเนอเรชันเพิ่มเติม)', 2010, false, 2015, false, false, '');
insert into model_generations (generation_id, model_id, generation_code, year_start, year_start_approx, year_end, year_end_approx, is_current, note) overriding system value values (239, 181, 'D22 (Big M)', 1997, false, 2004, false, false, '');
insert into model_generations (generation_id, model_id, generation_code, year_start, year_start_approx, year_end, year_end_approx, is_current, note) overriding system value values (240, 181, 'D40', 2004, false, 2014, false, false, '');
insert into model_generations (generation_id, model_id, generation_code, year_start, year_start_approx, year_end, year_end_approx, is_current, note) overriding system value values (241, 181, 'NP300 (D23)', 2014, false, 2020, false, false, '');
insert into model_generations (generation_id, model_id, generation_code, year_start, year_start_approx, year_end, year_end_approx, is_current, note) overriding system value values (242, 181, 'D23 (ปรับโฉมใหญ่/All-New)', 2021, false, null, false, true, '');
insert into model_generations (generation_id, model_id, generation_code, year_start, year_start_approx, year_end, year_end_approx, is_current, note) overriding system value values (243, 182, 'รุ่นเดียว (ไม่มีการแยกเจนเนอเรชันเพิ่มเติม)', 2021, false, 2024, false, false, '');
insert into model_generations (generation_id, model_id, generation_code, year_start, year_start_approx, year_end, year_end_approx, is_current, note) overriding system value values (244, 183, 'รุ่นเดียว (ไม่มีการแยกเจนเนอเรชันเพิ่มเติม)', 1996, false, 2005, false, false, '');
insert into model_generations (generation_id, model_id, generation_code, year_start, year_start_approx, year_end, year_end_approx, is_current, note) overriding system value values (245, 184, 'C27', 2013, false, 2022, false, false, '');
insert into model_generations (generation_id, model_id, generation_code, year_start, year_start_approx, year_end, year_end_approx, is_current, note) overriding system value values (246, 184, 'C28 (e-POWER)', 2023, false, null, false, true, '');
insert into model_generations (generation_id, model_id, generation_code, year_start, year_start_approx, year_end, year_end_approx, is_current, note) overriding system value values (247, 185, 'รุ่นหลัก (1996-2002)', 1996, false, 2002, false, false, '');
insert into model_generations (generation_id, model_id, generation_code, year_start, year_start_approx, year_end, year_end_approx, is_current, note) overriding system value values (248, 174, 'R32-R34, เจนเนอเรชันเก่า', 1996, false, 2002, false, false, 'แยกจาก GT-R R35 ที่นำเข้าอย่างเป็นทางการ');
insert into model_generations (generation_id, model_id, generation_code, year_start, year_start_approx, year_end, year_end_approx, is_current, note) overriding system value values (249, 186, 'รุ่นเดียว (ไม่มีการแยกเจนเนอเรชันเพิ่มเติม)', 1996, false, 2000, false, false, '');
insert into model_generations (generation_id, model_id, generation_code, year_start, year_start_approx, year_end, year_end_approx, is_current, note) overriding system value values (250, 187, 'รุ่นเดียว (ไม่มีการแยกเจนเนอเรชันเพิ่มเติม)', 2003, false, 2006, false, false, '');
insert into model_generations (generation_id, model_id, generation_code, year_start, year_start_approx, year_end, year_end_approx, is_current, note) overriding system value values (251, 188, 'รุ่นเดียว (ไม่มีการแยกเจนเนอเรชันเพิ่มเติม)', 1996, false, 2005, false, false, '');
insert into model_generations (generation_id, model_id, generation_code, year_start, year_start_approx, year_end, year_end_approx, is_current, note) overriding system value values (252, 189, 'J31', 2004, false, 2008, false, false, '');
insert into model_generations (generation_id, model_id, generation_code, year_start, year_start_approx, year_end, year_end_approx, is_current, note) overriding system value values (253, 189, 'J32', 2008, false, 2014, false, false, '');
insert into model_generations (generation_id, model_id, generation_code, year_start, year_start_approx, year_end, year_end_approx, is_current, note) overriding system value values (254, 189, 'L33', 2014, false, 2020, false, false, '');
insert into model_generations (generation_id, model_id, generation_code, year_start, year_start_approx, year_end, year_end_approx, is_current, note) overriding system value values (255, 190, 'รุ่นเดียว (ไม่มีการแยกเจนเนอเรชันเพิ่มเติม)', 2018, false, null, false, true, '');
insert into model_generations (generation_id, model_id, generation_code, year_start, year_start_approx, year_end, year_end_approx, is_current, note) overriding system value values (256, 191, 'รุ่นเดียว (ไม่มีการแยกเจนเนอเรชันเพิ่มเติม)', 2006, false, 2013, false, false, '');
insert into model_generations (generation_id, model_id, generation_code, year_start, year_start_approx, year_end, year_end_approx, is_current, note) overriding system value values (257, 192, 'รุ่นเดียว (ไม่มีการแยกเจนเนอเรชันเพิ่มเติม)', 2007, false, 2013, false, false, '');
insert into model_generations (generation_id, model_id, generation_code, year_start, year_start_approx, year_end, year_end_approx, is_current, note) overriding system value values (258, 193, 'รุ่นเดียว (ไม่มีการแยกเจนเนอเรชันเพิ่มเติม)', 1996, false, null, false, true, '');
insert into model_generations (generation_id, model_id, generation_code, year_start, year_start_approx, year_end, year_end_approx, is_current, note) overriding system value values (259, 194, 'T30', 2002, false, 2007, false, false, '');
insert into model_generations (generation_id, model_id, generation_code, year_start, year_start_approx, year_end, year_end_approx, is_current, note) overriding system value values (260, 194, 'T31', 2007, false, 2014, false, false, '');
insert into model_generations (generation_id, model_id, generation_code, year_start, year_start_approx, year_end, year_end_approx, is_current, note) overriding system value values (261, 194, 'T32', 2014, false, 2021, false, false, '');
insert into model_generations (generation_id, model_id, generation_code, year_start, year_start_approx, year_end, year_end_approx, is_current, note) overriding system value values (262, 194, 'T33 (e-POWER)', 2023, false, null, false, true, '');
insert into model_generations (generation_id, model_id, generation_code, year_start, year_start_approx, year_end, year_end_approx, is_current, note) overriding system value values (263, 195, 'รุ่นเดียว (ไม่มีการแยกเจนเนอเรชันเพิ่มเติม)', 2021, false, null, false, true, '');
insert into model_generations (generation_id, model_id, generation_code, year_start, year_start_approx, year_end, year_end_approx, is_current, note) overriding system value values (264, 196, 'รุ่นเดียว (ไม่มีการแยกเจนเนอเรชันเพิ่มเติม)', 2023, false, null, false, true, '');
insert into model_generations (generation_id, model_id, generation_code, year_start, year_start_approx, year_end, year_end_approx, is_current, note) overriding system value values (265, 197, 'รุ่นเดียว (ไม่มีการแยกเจนเนอเรชันเพิ่มเติม)', 1999, false, 2008, false, false, '');
insert into model_generations (generation_id, model_id, generation_code, year_start, year_start_approx, year_end, year_end_approx, is_current, note) overriding system value values (266, 198, 'รุ่นเดียว (ไม่มีการแยกเจนเนอเรชันเพิ่มเติม)', 2010, false, null, false, true, '');
insert into model_generations (generation_id, model_id, generation_code, year_start, year_start_approx, year_end, year_end_approx, is_current, note) overriding system value values (267, 199, 'รุ่นเดียว (ไม่มีการแยกเจนเนอเรชันเพิ่มเติม)', 1996, false, 2002, false, false, '');
insert into model_generations (generation_id, model_id, generation_code, year_start, year_start_approx, year_end, year_end_approx, is_current, note) overriding system value values (268, 200, 'รุ่นเดียว (ไม่มีการแยกเจนเนอเรชันเพิ่มเติม)', 1996, false, 2000, false, false, '');
insert into model_generations (generation_id, model_id, generation_code, year_start, year_start_approx, year_end, year_end_approx, is_current, note) overriding system value values (269, 201, 'รุ่นเดียว (ไม่มีการแยกเจนเนอเรชันเพิ่มเติม)', 1996, false, 2004, false, false, '');
insert into model_generations (generation_id, model_id, generation_code, year_start, year_start_approx, year_end, year_end_approx, is_current, note) overriding system value values (270, 202, 'รุ่นเดียว (ไม่มีการแยกเจนเนอเรชันเพิ่มเติม)', 2010, false, null, false, true, '');
insert into model_generations (generation_id, model_id, generation_code, year_start, year_start_approx, year_end, year_end_approx, is_current, note) overriding system value values (271, 203, 'รุ่นเดียว (ไม่มีการแยกเจนเนอเรชันเพิ่มเติม)', 2016, false, null, false, true, 'นำเข้า');
insert into model_generations (generation_id, model_id, generation_code, year_start, year_start_approx, year_end, year_end_approx, is_current, note) overriding system value values (272, 204, 'รุ่นเดียว (ไม่มีการแยกเจนเนอเรชันเพิ่มเติม)', 2016, false, null, false, true, 'นำเข้า');
insert into model_generations (generation_id, model_id, generation_code, year_start, year_start_approx, year_end, year_end_approx, is_current, note) overriding system value values (273, 205, 'รุ่นเดียว (ไม่มีการแยกเจนเนอเรชันเพิ่มเติม)', 1996, false, null, false, true, '');
insert into model_generations (generation_id, model_id, generation_code, year_start, year_start_approx, year_end, year_end_approx, is_current, note) overriding system value values (274, 206, 'รุ่นเดียว (ไม่มีการแยกเจนเนอเรชันเพิ่มเติม)', 2003, false, null, false, true, '');
insert into model_generations (generation_id, model_id, generation_code, year_start, year_start_approx, year_end, year_end_approx, is_current, note) overriding system value values (275, 207, 'รุ่นเดียว (ไม่มีการแยกเจนเนอเรชันเพิ่มเติม)', 2014, false, null, false, true, '');
insert into model_generations (generation_id, model_id, generation_code, year_start, year_start_approx, year_end, year_end_approx, is_current, note) overriding system value values (276, 208, 'รุ่นเดียว (ไม่มีการแยกเจนเนอเรชันเพิ่มเติม)', 2010, false, null, false, true, '');
insert into model_generations (generation_id, model_id, generation_code, year_start, year_start_approx, year_end, year_end_approx, is_current, note) overriding system value values (277, 209, 'รุ่นเดียว (ไม่มีการแยกเจนเนอเรชันเพิ่มเติม)', 2020, false, null, false, true, '');
insert into model_generations (generation_id, model_id, generation_code, year_start, year_start_approx, year_end, year_end_approx, is_current, note) overriding system value values (278, 210, 'รุ่นเดียว (ไม่มีการแยกเจนเนอเรชันเพิ่มเติม)', 2020, false, null, false, true, '');
insert into model_generations (generation_id, model_id, generation_code, year_start, year_start_approx, year_end, year_end_approx, is_current, note) overriding system value values (279, 211, 'รุ่นเดียว (ไม่มีการแยกเจนเนอเรชันเพิ่มเติม)', 2020, false, null, false, true, '');
insert into model_generations (generation_id, model_id, generation_code, year_start, year_start_approx, year_end, year_end_approx, is_current, note) overriding system value values (280, 212, 'รุ่นเดียว (ไม่มีการแยกเจนเนอเรชันเพิ่มเติม)', 2020, false, null, false, true, '');
insert into model_generations (generation_id, model_id, generation_code, year_start, year_start_approx, year_end, year_end_approx, is_current, note) overriding system value values (281, 213, 'รุ่นเดียว (ไม่มีการแยกเจนเนอเรชันเพิ่มเติม)', 2020, false, null, false, true, '');
insert into model_generations (generation_id, model_id, generation_code, year_start, year_start_approx, year_end, year_end_approx, is_current, note) overriding system value values (282, 214, 'รุ่นเดียว (ไม่มีการแยกเจนเนอเรชันเพิ่มเติม)', 1996, false, 2010, false, false, '');
insert into model_generations (generation_id, model_id, generation_code, year_start, year_start_approx, year_end, year_end_approx, is_current, note) overriding system value values (283, 215, 'รุ่นเดียว (ไม่มีการแยกเจนเนอเรชันเพิ่มเติม)', 1996, false, 2010, false, false, '');
insert into model_generations (generation_id, model_id, generation_code, year_start, year_start_approx, year_end, year_end_approx, is_current, note) overriding system value values (284, 216, 'รุ่นเดียว (ไม่มีการแยกเจนเนอเรชันเพิ่มเติม)', 2012, false, null, false, true, '');
insert into model_generations (generation_id, model_id, generation_code, year_start, year_start_approx, year_end, year_end_approx, is_current, note) overriding system value values (285, 217, 'รุ่นเดียว (ไม่มีการแยกเจนเนอเรชันเพิ่มเติม)', 1997, false, null, false, true, '');
insert into model_generations (generation_id, model_id, generation_code, year_start, year_start_approx, year_end, year_end_approx, is_current, note) overriding system value values (286, 218, 'รุ่นเดียว (ไม่มีการแยกเจนเนอเรชันเพิ่มเติม)', 1996, false, null, false, true, '');
insert into model_generations (generation_id, model_id, generation_code, year_start, year_start_approx, year_end, year_end_approx, is_current, note) overriding system value values (287, 219, 'รุ่นเดียว (ไม่มีการแยกเจนเนอเรชันเพิ่มเติม)', 2000, false, null, false, true, '');
insert into model_generations (generation_id, model_id, generation_code, year_start, year_start_approx, year_end, year_end_approx, is_current, note) overriding system value values (288, 220, 'รุ่นเดียว (ไม่มีการแยกเจนเนอเรชันเพิ่มเติม)', 1996, false, null, false, true, 'นำเข้า');
insert into model_generations (generation_id, model_id, generation_code, year_start, year_start_approx, year_end, year_end_approx, is_current, note) overriding system value values (289, 221, 'รุ่นเดียว (ไม่มีการแยกเจนเนอเรชันเพิ่มเติม)', 1996, false, null, false, true, 'เดิมคือ Impreza WRX แยกเป็นรุ่นอิสระตั้งแต่ปี 2014');
insert into model_generations (generation_id, model_id, generation_code, year_start, year_start_approx, year_end, year_end_approx, is_current, note) overriding system value values (290, 222, 'รุ่นเดียว (ไม่มีการแยกเจนเนอเรชันเพิ่มเติม)', 2012, false, 2025, false, false, '');
insert into model_generations (generation_id, model_id, generation_code, year_start, year_start_approx, year_end, year_end_approx, is_current, note) overriding system value values (291, 223, 'รุ่นเดียว (ไม่มีการแยกเจนเนอเรชันเพิ่มเติม)', 1996, false, 2005, false, false, '');
insert into model_generations (generation_id, model_id, generation_code, year_start, year_start_approx, year_end, year_end_approx, is_current, note) overriding system value values (292, 224, 'รุ่นเดียว (ไม่มีการแยกเจนเนอเรชันเพิ่มเติม)', 1996, false, null, false, true, '');
insert into model_generations (generation_id, model_id, generation_code, year_start, year_start_approx, year_end, year_end_approx, is_current, note) overriding system value values (293, 225, 'รุ่นเดียว (ไม่มีการแยกเจนเนอเรชันเพิ่มเติม)', 2015, false, 2020, false, false, '');
insert into model_generations (generation_id, model_id, generation_code, year_start, year_start_approx, year_end, year_end_approx, is_current, note) overriding system value values (294, 226, 'รุ่นเดียว (ไม่มีการแยกเจนเนอเรชันเพิ่มเติม)', 2015, false, null, false, true, '');
insert into model_generations (generation_id, model_id, generation_code, year_start, year_start_approx, year_end, year_end_approx, is_current, note) overriding system value values (295, 227, 'รุ่นเดียว (ไม่มีการแยกเจนเนอเรชันเพิ่มเติม)', 2019, false, null, false, true, '');
insert into model_generations (generation_id, model_id, generation_code, year_start, year_start_approx, year_end, year_end_approx, is_current, note) overriding system value values (296, 228, 'รุ่นเดียว (ไม่มีการแยกเจนเนอเรชันเพิ่มเติม)', 2019, false, null, false, true, '');
insert into model_generations (generation_id, model_id, generation_code, year_start, year_start_approx, year_end, year_end_approx, is_current, note) overriding system value values (297, 229, 'ZC72', 2012, false, 2017, false, false, '');
insert into model_generations (generation_id, model_id, generation_code, year_start, year_start_approx, year_end, year_end_approx, is_current, note) overriding system value values (298, 229, 'AZC', 2017, false, null, false, true, '');
insert into model_generations (generation_id, model_id, generation_code, year_start, year_start_approx, year_end, year_end_approx, is_current, note) overriding system value values (299, 230, 'รุ่นเดียว (ไม่มีการแยกเจนเนอเรชันเพิ่มเติม)', 1996, false, 2005, false, false, '');
insert into model_generations (generation_id, model_id, generation_code, year_start, year_start_approx, year_end, year_end_approx, is_current, note) overriding system value values (300, 231, 'รุ่นเดียว (ไม่มีการแยกเจนเนอเรชันเพิ่มเติม)', 2020, false, null, false, true, '');
insert into model_generations (generation_id, model_id, generation_code, year_start, year_start_approx, year_end, year_end_approx, is_current, note) overriding system value values (301, 232, 'รุ่นเดียว (ไม่มีการแยกเจนเนอเรชันเพิ่มเติม)', 2023, false, null, false, true, '');
insert into model_generations (generation_id, model_id, generation_code, year_start, year_start_approx, year_end, year_end_approx, is_current, note) overriding system value values (302, 233, 'รุ่นเดียว (ไม่มีการแยกเจนเนอเรชันเพิ่มเติม)', 2008, false, 2019, false, false, '');
insert into model_generations (generation_id, model_id, generation_code, year_start, year_start_approx, year_end, year_end_approx, is_current, note) overriding system value values (303, 234, 'รุ่นเดียว (ไม่มีการแยกเจนเนอเรชันเพิ่มเติม)', 1998, false, 2010, false, false, '');
insert into model_generations (generation_id, model_id, generation_code, year_start, year_start_approx, year_end, year_end_approx, is_current, note) overriding system value values (304, 235, 'รุ่นเดียว (ไม่มีการแยกเจนเนอเรชันเพิ่มเติม)', 1996, false, 2005, false, false, '');
insert into model_generations (generation_id, model_id, generation_code, year_start, year_start_approx, year_end, year_end_approx, is_current, note) overriding system value values (305, 236, 'รุ่นเดียว (ไม่มีการแยกเจนเนอเรชันเพิ่มเติม)', 2012, false, 2017, false, false, '');
insert into model_generations (generation_id, model_id, generation_code, year_start, year_start_approx, year_end, year_end_approx, is_current, note) overriding system value values (306, 237, 'ANH20/ATH20', 2009, false, 2015, false, false, '');
insert into model_generations (generation_id, model_id, generation_code, year_start, year_start_approx, year_end, year_end_approx, is_current, note) overriding system value values (307, 237, 'AGH30/GGH30', 2015, false, 2023, false, false, '');
insert into model_generations (generation_id, model_id, generation_code, year_start, year_start_approx, year_end, year_end_approx, is_current, note) overriding system value values (308, 237, 'AGH40', 2023, false, null, false, true, '');
insert into model_generations (generation_id, model_id, generation_code, year_start, year_start_approx, year_end, year_end_approx, is_current, note) overriding system value values (309, 238, 'รุ่นเดียว (ไม่มีการแยกเจนเนอเรชันเพิ่มเติม)', 2022, false, null, false, true, '');
insert into model_generations (generation_id, model_id, generation_code, year_start, year_start_approx, year_end, year_end_approx, is_current, note) overriding system value values (310, 239, 'รุ่นเดียว (ไม่มีการแยกเจนเนอเรชันเพิ่มเติม)', 2018, false, 2023, false, false, '');
insert into model_generations (generation_id, model_id, generation_code, year_start, year_start_approx, year_end, year_end_approx, is_current, note) overriding system value values (311, 240, 'รุ่นหลัก (1993-1999)', 1993, false, 1999, false, false, '');
insert into model_generations (generation_id, model_id, generation_code, year_start, year_start_approx, year_end, year_end_approx, is_current, note) overriding system value values (312, 240, 'XV20', 1999, false, 2002, false, false, '');
insert into model_generations (generation_id, model_id, generation_code, year_start, year_start_approx, year_end, year_end_approx, is_current, note) overriding system value values (313, 240, 'XV30', 2002, false, 2006, false, false, '');
insert into model_generations (generation_id, model_id, generation_code, year_start, year_start_approx, year_end, year_end_approx, is_current, note) overriding system value values (314, 240, 'XV40', 2006, false, 2012, false, false, '');
insert into model_generations (generation_id, model_id, generation_code, year_start, year_start_approx, year_end, year_end_approx, is_current, note) overriding system value values (315, 240, 'XV50', 2012, false, 2019, false, false, 'รวม Esport 2015-2018');
insert into model_generations (generation_id, model_id, generation_code, year_start, year_start_approx, year_end, year_end_approx, is_current, note) overriding system value values (316, 240, 'XV70', 2019, false, null, false, true, '');
insert into model_generations (generation_id, model_id, generation_code, year_start, year_start_approx, year_end, year_end_approx, is_current, note) overriding system value values (317, 241, 'รุ่นเดียว (ไม่มีการแยกเจนเนอเรชันเพิ่มเติม)', 1996, false, null, true, false, '');
insert into model_generations (generation_id, model_id, generation_code, year_start, year_start_approx, year_end, year_end_approx, is_current, note) overriding system value values (318, 242, 'รุ่นเดียว (ไม่มีการแยกเจนเนอเรชันเพิ่มเติม)', 1996, false, null, false, true, '');
insert into model_generations (generation_id, model_id, generation_code, year_start, year_start_approx, year_end, year_end_approx, is_current, note) overriding system value values (319, 243, 'รุ่นเดียว (ไม่มีการแยกเจนเนอเรชันเพิ่มเติม)', 1992, false, null, false, true, 'รวมรุ่นย่อย Commuter (มินิบัส)');
insert into model_generations (generation_id, model_id, generation_code, year_start, year_start_approx, year_end, year_end_approx, is_current, note) overriding system value values (320, 244, 'AE100', 1996, false, 1996, false, false, 'ช่วงปลายเจนเนอเรชันก่อนเปลี่ยนเป็น AE111');
insert into model_generations (generation_id, model_id, generation_code, year_start, year_start_approx, year_end, year_end_approx, is_current, note) overriding system value values (321, 244, 'AE111', 1996, false, 2001, false, false, 'เจนเนอเรชันหลักในตลาดไทย');
insert into model_generations (generation_id, model_id, generation_code, year_start, year_start_approx, year_end, year_end_approx, is_current, note) overriding system value values (322, 245, 'E120', 2001, false, 2007, false, false, '');
insert into model_generations (generation_id, model_id, generation_code, year_start, year_start_approx, year_end, year_end_approx, is_current, note) overriding system value values (323, 245, 'E140', 2008, false, 2013, false, false, '');
insert into model_generations (generation_id, model_id, generation_code, year_start, year_start_approx, year_end, year_end_approx, is_current, note) overriding system value values (324, 245, 'E170', 2014, false, 2018, false, false, '');
insert into model_generations (generation_id, model_id, generation_code, year_start, year_start_approx, year_end, year_end_approx, is_current, note) overriding system value values (325, 245, 'E210', 2019, false, null, false, true, '');
insert into model_generations (generation_id, model_id, generation_code, year_start, year_start_approx, year_end, year_end_approx, is_current, note) overriding system value values (326, 246, 'รุ่นหลัก (2020-ปัจจุบัน)', 2020, false, null, false, true, '');
insert into model_generations (generation_id, model_id, generation_code, year_start, year_start_approx, year_end, year_end_approx, is_current, note) overriding system value values (327, 247, 'รุ่นเดียว (ไม่มีการแยกเจนเนอเรชันเพิ่มเติม)', 1996, false, 1999, false, false, '''Toyopet Tiara'' เป็นชื่อทำตลาดของ Corona ในไทย');
insert into model_generations (generation_id, model_id, generation_code, year_start, year_start_approx, year_end, year_end_approx, is_current, note) overriding system value values (328, 248, 'รุ่นเดียว (ไม่มีการแยกเจนเนอเรชันเพิ่มเติม)', 1996, false, null, true, false, '');
insert into model_generations (generation_id, model_id, generation_code, year_start, year_start_approx, year_end, year_end_approx, is_current, note) overriding system value values (329, 249, 'XR10/XR20', 1996, false, 1999, false, false, 'เจนเนอเรชัน 1 ช่วงปลาย');
insert into model_generations (generation_id, model_id, generation_code, year_start, year_start_approx, year_end, year_end_approx, is_current, note) overriding system value values (330, 249, 'ACR30/ACR40', 2000, false, 2005, false, false, 'เจนเนอเรชัน 2');
insert into model_generations (generation_id, model_id, generation_code, year_start, year_start_approx, year_end, year_end_approx, is_current, note) overriding system value values (331, 249, 'ACR50/GSR50', 2006, false, 2019, false, false, 'เจนเนอเรชัน 3 เครื่องยนต์เบนซิน');
insert into model_generations (generation_id, model_id, generation_code, year_start, year_start_approx, year_end, year_end_approx, is_current, note) overriding system value values (332, 249, 'AHR20', 2006, false, 2019, false, false, 'เจนเนอเรชัน 3 รุ่นไฮบริด');
insert into model_generations (generation_id, model_id, generation_code, year_start, year_start_approx, year_end, year_end_approx, is_current, note) overriding system value values (333, 250, 'AN50/AN60', 2005, false, 2015, false, false, '');
insert into model_generations (generation_id, model_id, generation_code, year_start, year_start_approx, year_end, year_end_approx, is_current, note) overriding system value values (334, 250, 'AN150/AN160', 2015, false, 2023, false, false, '');
insert into model_generations (generation_id, model_id, generation_code, year_start, year_start_approx, year_end, year_end_approx, is_current, note) overriding system value values (335, 250, 'โฉมใหม่', 2024, false, null, false, true, 'ปรับโฉมใหญ่/แพลตฟอร์มใหม่');
insert into model_generations (generation_id, model_id, generation_code, year_start, year_start_approx, year_end, year_end_approx, is_current, note) overriding system value values (336, 251, 'รุ่นเดียว (ไม่มีการแยกเจนเนอเรชันเพิ่มเติม)', 2024, false, null, false, true, '');
insert into model_generations (generation_id, model_id, generation_code, year_start, year_start_approx, year_end, year_end_approx, is_current, note) overriding system value values (337, 252, 'รุ่นเดียว (ไม่มีการแยกเจนเนอเรชันเพิ่มเติม)', 2019, false, null, false, true, '');
insert into model_generations (generation_id, model_id, generation_code, year_start, year_start_approx, year_end, year_end_approx, is_current, note) overriding system value values (338, 253, 'รุ่นเดียว (ไม่มีการแยกเจนเนอเรชันเพิ่มเติม)', 2021, false, null, false, true, '');
insert into model_generations (generation_id, model_id, generation_code, year_start, year_start_approx, year_end, year_end_approx, is_current, note) overriding system value values (339, 254, 'รุ่นเดียว (ไม่มีการแยกเจนเนอเรชันเพิ่มเติม)', 2022, false, null, false, true, '');
insert into model_generations (generation_id, model_id, generation_code, year_start, year_start_approx, year_end, year_end_approx, is_current, note) overriding system value values (340, 255, 'รุ่นหลัก (2000-2020)', 2000, false, 2020, false, false, '');
insert into model_generations (generation_id, model_id, generation_code, year_start, year_start_approx, year_end, year_end_approx, is_current, note) overriding system value values (341, 255, 'รุ่นหลัก (2021-ปัจจุบัน)', 2021, false, null, false, true, '');
insert into model_generations (generation_id, model_id, generation_code, year_start, year_start_approx, year_end, year_end_approx, is_current, note) overriding system value values (342, 256, 'รุ่นเดียว (ไม่มีการแยกเจนเนอเรชันเพิ่มเติม)', 2023, false, null, false, true, '');
insert into model_generations (generation_id, model_id, generation_code, year_start, year_start_approx, year_end, year_end_approx, is_current, note) overriding system value values (343, 257, 'รุ่นเดียว (ไม่มีการแยกเจนเนอเรชันเพิ่มเติม)', 1996, false, 1998, false, false, '');
insert into model_generations (generation_id, model_id, generation_code, year_start, year_start_approx, year_end, year_end_approx, is_current, note) overriding system value values (344, 258, 'รุ่นเดียว (ไม่มีการแยกเจนเนอเรชันเพิ่มเติม)', 2015, false, null, false, true, '');
insert into model_generations (generation_id, model_id, generation_code, year_start, year_start_approx, year_end, year_end_approx, is_current, note) overriding system value values (345, 259, 'รุ่นเดียว (ไม่มีการแยกเจนเนอเรชันเพิ่มเติม)', 1998, false, 2004, false, false, '');
insert into model_generations (generation_id, model_id, generation_code, year_start, year_start_approx, year_end, year_end_approx, is_current, note) overriding system value values (346, 260, 'รุ่นเดียว (ไม่มีการแยกเจนเนอเรชันเพิ่มเติม)', 1998, false, 2004, false, false, '');
insert into model_generations (generation_id, model_id, generation_code, year_start, year_start_approx, year_end, year_end_approx, is_current, note) overriding system value values (347, 261, 'รุ่นเดียว (ไม่มีการแยกเจนเนอเรชันเพิ่มเติม)', 2004, false, 2015, false, false, '');
insert into model_generations (generation_id, model_id, generation_code, year_start, year_start_approx, year_end, year_end_approx, is_current, note) overriding system value values (348, 262, 'รุ่นเดียว (ไม่มีการแยกเจนเนอเรชันเพิ่มเติม)', 2005, false, 2015, false, false, '');
insert into model_generations (generation_id, model_id, generation_code, year_start, year_start_approx, year_end, year_end_approx, is_current, note) overriding system value values (349, 263, 'รุ่นเดียว (ไม่มีการแยกเจนเนอเรชันเพิ่มเติม)', 2016, false, 2022, false, false, '');
insert into model_generations (generation_id, model_id, generation_code, year_start, year_start_approx, year_end, year_end_approx, is_current, note) overriding system value values (350, 264, 'รุ่นเดียว (ไม่มีการแยกเจนเนอเรชันเพิ่มเติม)', 2023, false, null, false, true, '');
insert into model_generations (generation_id, model_id, generation_code, year_start, year_start_approx, year_end, year_end_approx, is_current, note) overriding system value values (351, 265, 'รุ่นเดียว (ไม่มีการแยกเจนเนอเรชันเพิ่มเติม)', 2004, false, 2017, false, false, '');
insert into model_generations (generation_id, model_id, generation_code, year_start, year_start_approx, year_end, year_end_approx, is_current, note) overriding system value values (352, 266, '80 series', 1996, false, 1998, false, false, 'นำเข้า');
insert into model_generations (generation_id, model_id, generation_code, year_start, year_start_approx, year_end, year_end_approx, is_current, note) overriding system value values (353, 266, '100 series', 1998, false, 2007, false, false, 'นำเข้า');
insert into model_generations (generation_id, model_id, generation_code, year_start, year_start_approx, year_end, year_end_approx, is_current, note) overriding system value values (354, 266, '200 series', 2007, false, 2021, false, false, 'นำเข้า');
insert into model_generations (generation_id, model_id, generation_code, year_start, year_start_approx, year_end, year_end_approx, is_current, note) overriding system value values (355, 266, '300 series', 2021, false, null, false, true, 'นำเข้า');
insert into model_generations (generation_id, model_id, generation_code, year_start, year_start_approx, year_end, year_end_approx, is_current, note) overriding system value values (356, 266, '70/76 series', 1996, false, null, false, true, 'ขายคู่ขนานกับรุ่นแวกอนหลักตลอด นำเข้า');
insert into model_generations (generation_id, model_id, generation_code, year_start, year_start_approx, year_end, year_end_approx, is_current, note) overriding system value values (357, 267, 'รุ่นหลัก (2026-ปัจจุบัน)', 2026, false, null, false, true, '');
insert into model_generations (generation_id, model_id, generation_code, year_start, year_start_approx, year_end, year_end_approx, is_current, note) overriding system value values (358, 268, '90 series', 1996, false, 2002, false, false, 'นำเข้า');
insert into model_generations (generation_id, model_id, generation_code, year_start, year_start_approx, year_end, year_end_approx, is_current, note) overriding system value values (359, 268, '120 series', 2002, false, 2009, false, false, 'นำเข้า');
insert into model_generations (generation_id, model_id, generation_code, year_start, year_start_approx, year_end, year_end_approx, is_current, note) overriding system value values (360, 268, '150 series', 2009, false, null, false, true, 'นำเข้า ปรับโฉมหลายครั้ง');
insert into model_generations (generation_id, model_id, generation_code, year_start, year_start_approx, year_end, year_end_approx, is_current, note) overriding system value values (361, 269, 'รุ่นเดียว (ไม่มีการแยกเจนเนอเรชันเพิ่มเติม)', 2019, false, null, false, true, '');
insert into model_generations (generation_id, model_id, generation_code, year_start, year_start_approx, year_end, year_end_approx, is_current, note) overriding system value values (362, 270, 'รุ่นเดียว (ไม่มีการแยกเจนเนอเรชันเพิ่มเติม)', 2004, false, 2019, false, false, '');
insert into model_generations (generation_id, model_id, generation_code, year_start, year_start_approx, year_end, year_end_approx, is_current, note) overriding system value values (363, 271, 'รุ่นเดียว (ไม่มีการแยกเจนเนอเรชันเพิ่มเติม)', 2001, false, null, false, true, '');
insert into model_generations (generation_id, model_id, generation_code, year_start, year_start_approx, year_end, year_end_approx, is_current, note) overriding system value values (364, 272, 'รุ่นเดียว (ไม่มีการแยกเจนเนอเรชันเพิ่มเติม)', 2001, false, null, false, true, 'รุ่นฝาแฝดของ Noah ตกแต่งสปอร์ตกว่า');
insert into model_generations (generation_id, model_id, generation_code, year_start, year_start_approx, year_end, year_end_approx, is_current, note) overriding system value values (365, 273, 'รุ่นเดียว (ไม่มีการแยกเจนเนอเรชันเพิ่มเติม)', 1996, false, null, true, false, '');
insert into model_generations (generation_id, model_id, generation_code, year_start, year_start_approx, year_end, year_end_approx, is_current, note) overriding system value values (366, 274, 'รุ่นเดียว (ไม่มีการแยกเจนเนอเรชันเพิ่มเติม)', 1996, false, null, true, false, '');
insert into model_generations (generation_id, model_id, generation_code, year_start, year_start_approx, year_end, year_end_approx, is_current, note) overriding system value values (367, 275, 'รุ่นเดียว (ไม่มีการแยกเจนเนอเรชันเพิ่มเติม)', 2010, false, 2015, false, false, '');
insert into model_generations (generation_id, model_id, generation_code, year_start, year_start_approx, year_end, year_end_approx, is_current, note) overriding system value values (368, 276, 'รุ่นเดียว (ไม่มีการแยกเจนเนอเรชันเพิ่มเติม)', 2012, false, 2019, false, false, '''Aqua'' เป็นชื่อทำตลาดในญี่ปุ่นของรถคันเดียวกัน');
insert into model_generations (generation_id, model_id, generation_code, year_start, year_start_approx, year_end, year_end_approx, is_current, note) overriding system value values (369, 277, 'รุ่นหลัก (1996-1999)', 1996, false, 1999, false, false, '');
insert into model_generations (generation_id, model_id, generation_code, year_start, year_start_approx, year_end, year_end_approx, is_current, note) overriding system value values (370, 277, 'รุ่นหลัก (2013-2019)', 2013, false, 2019, false, false, '');
insert into model_generations (generation_id, model_id, generation_code, year_start, year_start_approx, year_end, year_end_approx, is_current, note) overriding system value values (371, 278, 'NHP170/NSP170', 2016, false, 2022, false, false, '');
insert into model_generations (generation_id, model_id, generation_code, year_start, year_start_approx, year_end, year_end_approx, is_current, note) overriding system value values (372, 278, 'MXP210', 2022, false, null, false, true, '');
insert into model_generations (generation_id, model_id, generation_code, year_start, year_start_approx, year_end, year_end_approx, is_current, note) overriding system value values (373, 279, 'รุ่นเดียว (ไม่มีการแยกเจนเนอเรชันเพิ่มเติม)', 1996, false, 2003, false, false, '');
insert into model_generations (generation_id, model_id, generation_code, year_start, year_start_approx, year_end, year_end_approx, is_current, note) overriding system value values (374, 280, 'รุ่นเดียว (ไม่มีการแยกเจนเนอเรชันเพิ่มเติม)', 2002, false, 2003, false, false, '');
insert into model_generations (generation_id, model_id, generation_code, year_start, year_start_approx, year_end, year_end_approx, is_current, note) overriding system value values (375, 281, 'AGH30/GGH30', 2015, false, 2023, false, false, '');
insert into model_generations (generation_id, model_id, generation_code, year_start, year_start_approx, year_end, year_end_approx, is_current, note) overriding system value values (376, 281, 'AGH40', 2023, false, null, false, true, '');
insert into model_generations (generation_id, model_id, generation_code, year_start, year_start_approx, year_end, year_end_approx, is_current, note) overriding system value values (377, 282, 'รุ่นเดียว (ไม่มีการแยกเจนเนอเรชันเพิ่มเติม)', 2022, false, null, false, true, '');
insert into model_generations (generation_id, model_id, generation_code, year_start, year_start_approx, year_end, year_end_approx, is_current, note) overriding system value values (378, 283, 'รุ่นเดียว (ไม่มีการแยกเจนเนอเรชันเพิ่มเติม)', 2005, false, 2019, false, false, '');
insert into model_generations (generation_id, model_id, generation_code, year_start, year_start_approx, year_end, year_end_approx, is_current, note) overriding system value values (379, 284, 'รุ่นเดียว (ไม่มีการแยกเจนเนอเรชันเพิ่มเติม)', 2003, false, 2022, false, false, '');
insert into model_generations (generation_id, model_id, generation_code, year_start, year_start_approx, year_end, year_end_approx, is_current, note) overriding system value values (380, 285, 'รุ่นเดียว (ไม่มีการแยกเจนเนอเรชันเพิ่มเติม)', 2003, false, 2009, false, false, '');
insert into model_generations (generation_id, model_id, generation_code, year_start, year_start_approx, year_end, year_end_approx, is_current, note) overriding system value values (381, 286, 'รุ่นเดียว (ไม่มีการแยกเจนเนอเรชันเพิ่มเติม)', 2006, false, 2013, false, false, '');
insert into model_generations (generation_id, model_id, generation_code, year_start, year_start_approx, year_end, year_end_approx, is_current, note) overriding system value values (382, 287, 'รุ่นเดียว (ไม่มีการแยกเจนเนอเรชันเพิ่มเติม)', 2013, false, null, false, true, '');
insert into model_generations (generation_id, model_id, generation_code, year_start, year_start_approx, year_end, year_end_approx, is_current, note) overriding system value values (383, 288, 'รุ่นเดียว (ไม่มีการแยกเจนเนอเรชันเพิ่มเติม)', 2017, false, null, false, true, '');
insert into model_generations (generation_id, model_id, generation_code, year_start, year_start_approx, year_end, year_end_approx, is_current, note) overriding system value values (384, 289, 'รุ่นเดียว (ไม่มีการแยกเจนเนอเรชันเพิ่มเติม)', 2020, false, null, false, true, '');
insert into model_generations (generation_id, model_id, generation_code, year_start, year_start_approx, year_end, year_end_approx, is_current, note) overriding system value values (385, 290, 'รุ่นเดียว (ไม่มีการแยกเจนเนอเรชันเพิ่มเติม)', 2022, false, null, false, true, '');
insert into model_generations (generation_id, model_id, generation_code, year_start, year_start_approx, year_end, year_end_approx, is_current, note) overriding system value values (386, 291, 'รุ่นเดียว (ไม่มีการแยกเจนเนอเรชันเพิ่มเติม)', 1998, false, 2010, false, false, '');
insert into model_generations (generation_id, model_id, generation_code, year_start, year_start_approx, year_end, year_end_approx, is_current, note) overriding system value values (387, 292, 'รุ่นเดียว (ไม่มีการแยกเจนเนอเรชันเพิ่มเติม)', 1996, false, null, false, true, '');
insert into model_generations (generation_id, model_id, generation_code, year_start, year_start_approx, year_end, year_end_approx, is_current, note) overriding system value values (388, 293, 'รุ่นเดียว (ไม่มีการแยกเจนเนอเรชันเพิ่มเติม)', 1996, false, null, false, true, '');
insert into model_generations (generation_id, model_id, generation_code, year_start, year_start_approx, year_end, year_end_approx, is_current, note) overriding system value values (389, 294, 'รุ่นเดียว (ไม่มีการแยกเจนเนอเรชันเพิ่มเติม)', 2008, false, null, false, true, '');
insert into model_generations (generation_id, model_id, generation_code, year_start, year_start_approx, year_end, year_end_approx, is_current, note) overriding system value values (390, 295, 'รุ่นเดียว (ไม่มีการแยกเจนเนอเรชันเพิ่มเติม)', 1998, false, null, false, true, '');
insert into model_generations (generation_id, model_id, generation_code, year_start, year_start_approx, year_end, year_end_approx, is_current, note) overriding system value values (391, 296, 'รุ่นเดียว (ไม่มีการแยกเจนเนอเรชันเพิ่มเติม)', 2016, false, null, false, true, '');
insert into model_generations (generation_id, model_id, generation_code, year_start, year_start_approx, year_end, year_end_approx, is_current, note) overriding system value values (392, 297, 'รุ่นเดียว (ไม่มีการแยกเจนเนอเรชันเพิ่มเติม)', 2010, false, null, false, true, '');
insert into model_generations (generation_id, model_id, generation_code, year_start, year_start_approx, year_end, year_end_approx, is_current, note) overriding system value values (393, 298, 'รุ่นเดียว (ไม่มีการแยกเจนเนอเรชันเพิ่มเติม)', 2003, false, null, false, true, '');
insert into model_generations (generation_id, model_id, generation_code, year_start, year_start_approx, year_end, year_end_approx, is_current, note) overriding system value values (394, 299, 'รุ่นเดียว (ไม่มีการแยกเจนเนอเรชันเพิ่มเติม)', 2024, false, null, false, true, '');
insert into model_generations (generation_id, model_id, generation_code, year_start, year_start_approx, year_end, year_end_approx, is_current, note) overriding system value values (395, 300, 'รุ่นเดียว (ไม่มีการแยกเจนเนอเรชันเพิ่มเติม)', 2024, false, null, false, true, '');

commit;
